# Blender 3.4.0
# www.blender.org
mtllib fluidtank.mtl
o Frame
v  -1.5313 0.1873 1.2685
v  -1.5313 0.2315 1.3127
v  -1.5313 0.5402 0.9156
v  -1.5313 0.5844 0.9598
v  -1.9688 0.1873 1.2685
v  -1.9688 0.2315 1.3127
v  -1.9688 0.5402 0.9156
v  -1.9688 0.5844 0.9598
v  1.5313 0.1873 1.2685
v  1.5313 0.2315 1.3127
v  1.5313 0.5402 0.9156
v  1.5313 0.5844 0.9598
v  1.9688 0.1873 1.2685
v  1.9688 0.2315 1.3127
v  1.9688 0.5402 0.9156
v  1.9688 0.5844 0.9598
v  -2.4489 0.9688 1.4047
v  -2.4489 1.0313 1.4047
v  -2.0953 0.9688 1.0511
v  -2.0953 1.0313 1.0511
v  -2.4047 0.9688 1.4489
v  -2.4047 1.0313 1.4489
v  -2.0511 0.9688 1.0953
v  -2.0511 1.0313 1.0953
v  -2.4489 1.4688 1.4047
v  -2.4489 1.5313 1.4047
v  -2.0953 1.4688 1.0511
v  -2.0953 1.5313 1.0511
v  -2.4047 1.4688 1.4489
v  -2.4047 1.5313 1.4489
v  -2.0511 1.4688 1.0953
v  -2.0511 1.5313 1.0953
v  -2.4489 1.9688 1.4047
v  -2.4489 2.0313 1.4047
v  -2.0953 1.9688 1.0511
v  -2.0953 2.0313 1.0511
v  -2.4047 1.9688 1.4489
v  -2.4047 2.0313 1.4489
v  -2.0511 1.9688 1.0953
v  -2.0511 2.0313 1.0953
v  -2.4489 0.9688 -1.4047
v  -2.4489 1.0313 -1.4047
v  -2.0953 0.9688 -1.0511
v  -2.0953 1.0313 -1.0511
v  -2.4047 0.9688 -1.4489
v  -2.4047 1.0313 -1.4489
v  -2.0511 0.9688 -1.0953
v  -2.0511 1.0313 -1.0953
v  -2.4489 1.4688 -1.4047
v  -2.4489 1.5313 -1.4047
v  -2.0953 1.4688 -1.0511
v  -2.0953 1.5313 -1.0511
v  -2.4047 1.4688 -1.4489
v  -2.4047 1.5313 -1.4489
v  -2.0511 1.4688 -1.0953
v  -2.0511 1.5313 -1.0953
v  -2.4489 1.9688 -1.4047
v  -2.4489 2.0313 -1.4047
v  -2.0953 1.9688 -1.0511
v  -2.0953 2.0313 -1.0511
v  -2.4047 1.9688 -1.4489
v  -2.4047 2.0313 -1.4489
v  -2.0511 1.9688 -1.0953
v  -2.0511 2.0313 -1.0953
v  -0.5000 0.2500 -0.5000
v  -0.5000 0.7500 -0.5000
v  -0.5000 0.2500 -1.5000
v  -0.5000 0.7500 -1.5000
v  0.5000 0.2500 -0.5000
v  0.5000 0.7500 -0.5000
v  0.5000 0.2500 -1.5000
v  0.5000 0.7500 -1.5000
v  -1.7813 2.8438 0.0313
v  -1.7813 3.2188 0.0313
v  -1.7813 2.8438 -0.0313
v  -1.7813 3.2188 -0.0312
v  -1.7188 2.8438 0.0313
v  -1.7188 3.2188 0.0313
v  -1.7188 2.8438 -0.0313
v  -1.7188 3.2188 -0.0312
v  -1.2813 2.8438 0.0313
v  -1.2813 3.2188 0.0313
v  -1.2813 2.8438 -0.0313
v  -1.2813 3.2188 -0.0312
v  -1.2188 2.8438 0.0313
v  -1.2188 3.2188 0.0313
v  -1.2188 2.8438 -0.0313
v  -1.2188 3.2188 -0.0312
v  -0.7813 2.8438 0.0313
v  -0.7813 3.2188 0.0313
v  -0.7813 2.8438 -0.0313
v  -0.7813 3.2188 -0.0312
v  -0.7188 2.8438 0.0313
v  -0.7188 3.2188 0.0313
v  -0.7188 2.8438 -0.0313
v  -0.7188 3.2188 -0.0312
v  -0.2813 2.8438 0.0313
v  -0.2813 3.2188 0.0313
v  -0.2813 2.8438 -0.0313
v  -0.2813 3.2188 -0.0312
v  -0.2188 2.8438 0.0313
v  -0.2188 3.2188 0.0313
v  -0.2188 2.8438 -0.0313
v  -0.2188 3.2188 -0.0312
v  0.2188 2.8438 0.0313
v  0.2188 3.2188 0.0313
v  0.2188 2.8438 -0.0313
v  0.2188 3.2188 -0.0312
v  0.2813 2.8438 0.0313
v  0.2813 3.2188 0.0313
v  0.2813 2.8438 -0.0313
v  0.2813 3.2188 -0.0312
v  0.7188 2.8438 0.0313
v  0.7188 3.2188 0.0313
v  0.7188 2.8438 -0.0313
v  0.7188 3.2188 -0.0312
v  0.7813 2.8438 0.0313
v  0.7813 3.2188 0.0313
v  0.7813 2.8438 -0.0313
v  0.7813 3.2188 -0.0312
v  1.2188 2.8438 0.0313
v  1.2188 3.2188 0.0313
v  1.2188 2.8438 -0.0313
v  1.2188 3.2188 -0.0312
v  1.2813 2.8438 0.0313
v  1.2813 3.2188 0.0313
v  1.2813 2.8438 -0.0313
v  1.2813 3.2188 -0.0312
v  1.7188 2.8438 0.0313
v  1.7188 3.2188 0.0313
v  1.7188 2.8438 -0.0313
v  1.7188 3.2188 -0.0312
v  1.7813 2.8438 0.0313
v  1.7813 3.2188 0.0313
v  1.7813 2.8438 -0.0313
v  1.7813 3.2188 -0.0312
v  -2.5625 1.4688 0.0313
v  -2.5505 1.5313 0.0313
v  -2.5625 1.4688 -0.0313
v  -2.5505 1.5313 -0.0313
v  -2.5000 1.4688 0.0313
v  -2.5000 1.5313 0.0313
v  -2.5000 1.4688 -0.0313
v  -2.5000 1.5313 -0.0313
v  -2.7500 1.6563 -0.0313
v  -2.7500 1.6563 0.0313
v  -2.6875 1.6682 0.0313
v  -2.6875 1.6682 -0.0313
v  -2.7500 3.0313 -0.0313
v  -2.7500 3.0313 0.0313
v  -2.6875 3.0192 0.0313
v  -2.6875 3.0192 -0.0313
v  -2.5000 3.2813 -0.0312
v  -2.5000 3.2813 0.0313
v  -2.4880 3.2188 0.0313
v  -2.4880 3.2188 -0.0312
v  2.5000 3.2813 -0.0312
v  2.5000 3.2813 0.0313
v  2.4880 3.2188 0.0313
v  2.4880 3.2188 -0.0312
v  2.7500 3.0313 -0.0313
v  2.7500 3.0313 0.0313
v  2.6875 3.0192 0.0313
v  2.6875 3.0192 -0.0313
v  2.7500 1.6563 -0.0313
v  2.7500 1.6563 0.0313
v  2.6875 1.6682 0.0313
v  2.6875 1.6682 -0.0313
v  2.5625 1.4688 -0.0313
v  2.5625 1.4688 0.0313
v  2.5505 1.5313 0.0313
v  2.5505 1.5313 -0.0313
v  2.5000 1.4688 -0.0313
v  2.5000 1.4688 0.0313
v  2.5000 1.5313 0.0313
v  2.5000 1.5313 -0.0313
v  2.3750 1.5000 -0.3266
v  2.5000 1.5000 -0.3266
v  2.3750 1.2690 -0.2310
v  2.5000 1.2690 -0.2310
v  2.3750 1.1734 -0.0000
v  2.5000 1.1734 -0.0000
v  2.3750 1.2690 0.2310
v  2.5000 1.2690 0.2310
v  2.3750 1.5000 0.3266
v  2.5000 1.5000 0.3266
v  2.3750 1.7310 0.2310
v  2.5000 1.7310 0.2310
v  2.3750 1.8266 -0.0000
v  2.5000 1.8266 -0.0000
v  2.3750 1.7310 -0.2310
v  2.5000 1.7310 -0.2310
v  2.5000 0.2206 0.7188
v  2.5000 0.2831 0.7188
v  2.5000 0.2206 0.2813
v  2.5000 0.2831 0.2813
v  2.5625 0.2206 0.7188
v  2.5625 0.2831 0.7188
v  2.5625 0.2206 0.2813
v  2.5625 0.2831 0.2813
v  2.5000 0.7206 0.7188
v  2.5000 0.7831 0.7188
v  2.5000 0.7206 0.2813
v  2.5000 0.7831 0.2813
v  2.5625 0.7206 0.7188
v  2.5625 0.7831 0.7188
v  2.5625 0.7206 0.2813
v  2.5625 0.7831 0.2813
v  2.5000 1.2206 0.7188
v  2.5000 1.2831 0.7188
v  2.5000 1.2206 0.2813
v  2.5000 1.2831 0.2813
v  2.5625 1.2206 0.7188
v  2.5625 1.2831 0.7188
v  2.5625 1.2206 0.2813
v  2.5625 1.2831 0.2813
v  2.5000 1.7206 0.7188
v  2.5000 1.7831 0.7188
v  2.5000 1.7206 0.2813
v  2.5000 1.7831 0.2813
v  2.5625 1.7206 0.7188
v  2.5625 1.7831 0.7188
v  2.5625 1.7206 0.2813
v  2.5625 1.7831 0.2813
v  2.5000 2.2206 0.7188
v  2.5000 2.2831 0.7188
v  2.5000 2.2206 0.2813
v  2.5000 2.2831 0.2813
v  2.5625 2.2206 0.7188
v  2.5625 2.2831 0.7188
v  2.5625 2.2206 0.2813
v  2.5625 2.2831 0.2813
v  2.5000 2.7206 0.7188
v  2.5000 2.7831 0.7188
v  2.5000 2.7206 0.2813
v  2.5000 2.7831 0.2813
v  2.5625 2.7206 0.7188
v  2.5625 2.7831 0.7188
v  2.5625 2.7206 0.2813
v  2.5625 2.7831 0.2813
v  2.5000 0.0000 0.2813
v  2.5000 2.9990 0.2813
v  2.5000 0.0000 0.2188
v  2.5000 2.9990 0.2188
v  2.6250 0.0000 0.2813
v  2.6250 2.9990 0.2813
v  2.6250 0.0000 0.2188
v  2.6250 2.9990 0.2188
v  2.5000 0.0000 0.7825
v  2.5000 2.9990 0.7825
v  2.5000 0.0000 0.7200
v  2.5000 2.9990 0.7200
v  2.6250 0.0000 0.7825
v  2.6250 2.9990 0.7825
v  2.6250 0.0000 0.7200
v  2.6250 2.9990 0.7200
v  2.3125 1.0669 1.4937
v  2.3125 1.2437 1.3169
v  2.4375 1.0669 1.4937
v  2.4375 1.2437 1.3169
v  2.3125 0.0063 0.4331
v  2.3125 0.1831 0.2563
v  2.4375 0.0063 0.4331
v  2.4375 0.1831 0.2563
v  2.3125 1.0669 -1.4937
v  2.3125 1.2437 -1.3169
v  2.4375 1.0669 -1.4937
v  2.4375 1.2437 -1.3169
v  2.3125 0.0063 -0.4331
v  2.3125 0.1831 -0.2563
v  2.4375 0.0063 -0.4331
v  2.4375 0.1831 -0.2563
v  2.3125 1.9331 1.4937
v  2.3125 1.7563 1.3169
v  2.4375 1.9331 1.4937
v  2.4375 1.7563 1.3169
v  2.3125 2.9937 0.4331
v  2.3125 2.8169 0.2563
v  2.4375 2.9937 0.4331
v  2.4375 2.8169 0.2563
v  2.3125 1.9331 -1.4937
v  2.3125 1.7563 -1.3169
v  2.4375 1.9331 -1.4937
v  2.4375 1.7563 -1.3169
v  2.3125 2.9937 -0.4331
v  2.3125 2.8169 -0.2563
v  2.4375 2.9937 -0.4331
v  2.4375 2.8169 -0.2563
v  -2.3125 1.0669 1.4937
v  -2.3125 1.2437 1.3169
v  -2.4375 1.0669 1.4937
v  -2.4375 1.2437 1.3169
v  -2.3125 0.0063 0.4331
v  -2.3125 0.1831 0.2563
v  -2.4375 0.0063 0.4331
v  -2.4375 0.1831 0.2563
v  -2.3125 1.0669 -1.4937
v  -2.3125 1.2437 -1.3169
v  -2.4375 1.0669 -1.4937
v  -2.4375 1.2437 -1.3169
v  -2.3125 0.0063 -0.4331
v  -2.3125 0.1831 -0.2563
v  -2.4375 0.0063 -0.4331
v  -2.4375 0.1831 -0.2563
v  -2.3125 1.9331 1.4937
v  -2.3125 1.7563 1.3169
v  -2.4375 1.9331 1.4937
v  -2.4375 1.7563 1.3169
v  -2.3125 2.9937 0.4331
v  -2.3125 2.8169 0.2563
v  -2.4375 2.9937 0.4331
v  -2.4375 2.8169 0.2563
v  -2.3125 1.9331 -1.4937
v  -2.3125 1.7563 -1.3169
v  -2.4375 1.9331 -1.4937
v  -2.4375 1.7563 -1.3169
v  -2.3125 2.9937 -0.4331
v  -2.3125 2.8169 -0.2563
v  -2.4375 2.9937 -0.4331
v  -2.4375 2.8169 -0.2563
v  -2.5000 0.5000 1.5000
v  -2.5000 2.5000 1.5000
v  -2.5000 0.5000 1.2500
v  -2.5000 2.5000 1.2500
v  -2.2500 0.5000 1.5000
v  -2.2500 2.5000 1.5000
v  -2.2500 0.5000 1.2500
v  -2.2500 2.5000 1.2500
v  -2.5000 0.5000 -1.2500
v  -2.5000 2.5000 -1.2500
v  -2.5000 0.5000 -1.5000
v  -2.5000 2.5000 -1.5000
v  -2.2500 0.5000 -1.2500
v  -2.2500 2.5000 -1.2500
v  -2.2500 0.5000 -1.5000
v  -2.2500 2.5000 -1.5000
v  2.2500 0.5000 1.5000
v  2.2500 2.5000 1.5000
v  2.2500 0.5000 1.2500
v  2.2500 2.5000 1.2500
v  2.5000 0.5000 1.5000
v  2.5000 2.5000 1.5000
v  2.5000 0.5000 1.2500
v  2.5000 2.5000 1.2500
v  2.2500 0.5000 -1.2500
v  2.2500 2.5000 -1.2500
v  2.2500 0.5000 -1.5000
v  2.2500 2.5000 -1.5000
v  2.5000 0.5000 -1.2500
v  2.5000 2.5000 -1.2500
v  2.5000 0.5000 -1.5000
v  2.5000 2.5000 -1.5000
v  -2.5000 0.0000 1.0000
v  -2.5000 0.2500 1.0000
v  -2.5000 0.0000 -1.0000
v  -2.5000 0.2500 -1.0000
v  -2.2500 0.0000 1.0000
v  -2.2500 0.2500 1.0000
v  -2.2500 0.0000 -1.0000
v  -2.2500 0.2500 -1.0000
v  -2.5000 2.7500 1.0000
v  -2.5000 3.0000 1.0000
v  -2.5000 2.7500 -1.0000
v  -2.5000 3.0000 -1.0000
v  -2.2500 2.7500 1.0000
v  -2.2500 3.0000 1.0000
v  -2.2500 2.7500 -1.0000
v  -2.2500 3.0000 -1.0000
v  2.2500 0.0000 1.0000
v  2.2500 0.2500 1.0000
v  2.2500 0.0000 -1.0000
v  2.2500 0.2500 -1.0000
v  2.5000 0.0000 1.0000
v  2.5000 0.2500 1.0000
v  2.5000 0.0000 -1.0000
v  2.5000 0.2500 -1.0000
v  2.2500 2.7500 1.0000
v  2.2500 3.0000 1.0000
v  2.2500 2.7500 -1.0000
v  2.2500 3.0000 -1.0000
v  2.5000 2.7500 1.0000
v  2.5000 3.0000 1.0000
v  2.5000 2.7500 -1.0000
v  2.5000 3.0000 -1.0000
v  -2.0000 0.0000 -1.2500
v  -2.0000 0.2500 -1.2500
v  -2.0000 0.0000 -1.5000
v  -2.0000 0.2500 -1.5000
v  2.0000 0.0000 -1.2500
v  2.0000 0.2500 -1.2500
v  2.0000 0.0000 -1.5000
v  2.0000 0.2500 -1.5000
v  -2.0000 2.7500 -1.2500
v  -2.0000 3.0000 -1.2500
v  -2.0000 2.7500 -1.5000
v  -2.0000 3.0000 -1.5000
v  2.0000 2.7500 -1.2500
v  2.0000 3.0000 -1.2500
v  2.0000 2.7500 -1.5000
v  2.0000 3.0000 -1.5000
v  -2.0000 0.0000 1.5000
v  -2.0000 0.2500 1.5000
v  -2.0000 0.0000 1.2500
v  -2.0000 0.2500 1.2500
v  2.0000 0.0000 1.5000
v  2.0000 0.2500 1.5000
v  2.0000 0.0000 1.2500
v  2.0000 0.2500 1.2500
v  -2.0000 2.7500 1.5000
v  -2.0000 3.0000 1.5000
v  -2.0000 2.7500 1.2500
v  -2.0000 3.0000 1.2500
v  2.0000 2.7500 1.5000
v  2.0000 3.0000 1.5000
v  2.0000 2.7500 1.2500
v  2.0000 3.0000 1.2500
v  -2.5000 2.5000 -1.0000
v  -2.5000 3.0000 -1.0000
v  -2.5000 2.5000 -1.5000
v  -2.5000 3.0000 -1.5000
v  -2.0000 2.5000 -1.0000
v  -2.0000 3.0000 -1.0000
v  -2.0000 2.5000 -1.5000
v  -2.0000 3.0000 -1.5000
v  -2.5000 0.5000 -1.0000
v  -2.5000 0.5000 -1.5000
v  -2.5000 0.0000 -1.0000
v  -2.5000 0.0000 -1.5000
v  -2.0000 0.5000 -1.0000
v  -2.0000 0.5000 -1.5000
v  -2.0000 0.0000 -1.0000
v  -2.0000 0.0000 -1.5000
v  -2.0000 2.5000 1.5000
v  -2.0000 3.0000 1.5000
v  -2.5000 2.5000 1.5000
v  -2.5000 3.0000 1.5000
v  -2.0000 2.5000 1.0000
v  -2.0000 3.0000 1.0000
v  -2.5000 2.5000 1.0000
v  -2.5000 3.0000 1.0000
v  -2.0000 0.5000 1.5000
v  -2.5000 0.5000 1.5000
v  -2.0000 0.0000 1.5000
v  -2.5000 0.0000 1.5000
v  -2.0000 0.5000 1.0000
v  -2.5000 0.5000 1.0000
v  -2.0000 0.0000 1.0000
v  -2.5000 0.0000 1.0000
v  2.5000 2.5000 1.0000
v  2.5000 3.0000 1.0000
v  2.5000 2.5000 1.5000
v  2.5000 3.0000 1.5000
v  2.0000 2.5000 1.0000
v  2.0000 3.0000 1.0000
v  2.0000 2.5000 1.5000
v  2.0000 3.0000 1.5000
v  2.5000 0.5000 1.0000
v  2.5000 0.5000 1.5000
v  2.5000 0.0000 1.0000
v  2.5000 0.0000 1.5000
v  2.0000 0.5000 1.0000
v  2.0000 0.5000 1.5000
v  2.0000 0.0000 1.0000
v  2.0000 0.0000 1.5000
v  2.0000 2.5000 -1.5000
v  2.0000 3.0000 -1.5000
v  2.5000 2.5000 -1.5000
v  2.5000 3.0000 -1.5000
v  2.0000 2.5000 -1.0000
v  2.0000 3.0000 -1.0000
v  2.5000 2.5000 -1.0000
v  2.5000 3.0000 -1.0000
v  2.0000 0.5000 -1.5000
v  2.5000 0.5000 -1.5000
v  2.0000 0.0000 -1.5000
v  2.5000 0.0000 -1.5000
v  2.0000 0.5000 -1.0000
v  2.5000 0.5000 -1.0000
v  2.0000 0.0000 -1.0000
v  2.5000 0.0000 -1.0000
v  -2.3750 1.5000 -0.3266
v  -2.5000 1.5000 -0.3266
v  -2.3750 1.2690 -0.2310
v  -2.5000 1.2690 -0.2310
v  -2.3750 1.1734 -0.0000
v  -2.5000 1.1734 -0.0000
v  -2.3750 1.2690 0.2310
v  -2.5000 1.2690 0.2310
v  -2.3750 1.5000 0.3266
v  -2.5000 1.5000 0.3266
v  -2.3750 1.7310 0.2310
v  -2.5000 1.7310 0.2310
v  -2.3750 1.8266 -0.0000
v  -2.5000 1.8266 -0.0000
v  -2.3750 1.7310 -0.2310
v  -2.5000 1.7310 -0.2310
v  -1.1875 0.3125 -1.5000
v  -1.1875 0.6875 -1.5000
v  -1.1875 0.3125 -1.3125
v  -1.1875 0.6875 -1.3125
v  -0.8125 0.3125 -1.5000
v  -0.8125 0.6875 -1.5000
v  -0.8125 0.3125 -1.3125
v  -0.8125 0.6875 -1.3125
v  -1.1563 0.6563 -1.2500
v  -1.1563 0.3438 -1.2500
v  -0.8438 0.3438 -1.2500
v  -0.8438 0.6563 -1.2500
v  -1.1563 0.6563 -0.7500
v  -1.1563 0.3438 -0.7500
v  -0.8438 0.3438 -0.7500
v  -0.8438 0.6563 -0.7500
v  0.8125 0.3125 -1.5000
v  0.8125 0.6875 -1.5000
v  0.8125 0.3125 -1.3125
v  0.8125 0.6875 -1.3125
v  1.1875 0.3125 -1.5000
v  1.1875 0.6875 -1.5000
v  1.1875 0.3125 -1.3125
v  1.1875 0.6875 -1.3125
v  0.8438 0.6563 -1.2500
v  0.8438 0.3438 -1.2500
v  1.1563 0.3438 -1.2500
v  1.1563 0.6563 -1.2500
v  0.8438 0.6563 -0.7500
v  0.8438 0.3438 -0.7500
v  1.1563 0.3438 -0.7500
v  1.1563 0.6563 -0.7500
v  -1.1875 0.3125 1.5000
v  -1.1875 0.6875 1.5000
v  -1.1875 0.3125 1.3125
v  -1.1875 0.6875 1.3125
v  -0.8125 0.3125 1.5000
v  -0.8125 0.6875 1.5000
v  -0.8125 0.3125 1.3125
v  -0.8125 0.6875 1.3125
v  -1.1563 0.6563 1.2500
v  -1.1563 0.3438 1.2500
v  -0.8438 0.3438 1.2500
v  -0.8438 0.6563 1.2500
v  -1.1563 0.6563 0.7500
v  -1.1563 0.3438 0.7500
v  -0.8438 0.3438 0.7500
v  -0.8438 0.6563 0.7500
v  0.8125 0.3125 1.5000
v  0.8125 0.6875 1.5000
v  0.8125 0.3125 1.3125
v  0.8125 0.6875 1.3125
v  1.1875 0.3125 1.5000
v  1.1875 0.6875 1.5000
v  1.1875 0.3125 1.3125
v  1.1875 0.6875 1.3125
v  0.8438 0.6563 1.2500
v  0.8438 0.3438 1.2500
v  1.1563 0.3438 1.2500
v  1.1563 0.6563 1.2500
v  0.8438 0.6563 0.7500
v  0.8438 0.3438 0.7500
v  1.1563 0.3438 0.7500
v  1.1563 0.6563 0.7500
v  -0.5000 0.2500 1.5000
v  -0.5000 0.7500 1.5000
v  -0.5000 0.2500 0.5000
v  -0.5000 0.7500 0.5000
v  0.5000 0.2500 1.5000
v  0.5000 0.7500 1.5000
v  0.5000 0.2500 0.5000
v  0.5000 0.7500 0.5000
v  -1.5313 2.9489 1.4047
v  -1.4688 2.9489 1.4047
v  -1.5313 2.4647 0.9205
v  -1.4688 2.4647 0.9205
v  -1.5313 2.9047 1.4489
v  -1.4688 2.9047 1.4489
v  -1.5313 2.4205 0.9647
v  -1.4688 2.4205 0.9647
v  -0.5313 2.9489 1.4047
v  -0.4688 2.9489 1.4047
v  -0.5313 2.4647 0.9205
v  -0.4688 2.4647 0.9205
v  -0.5313 2.9047 1.4489
v  -0.4688 2.9047 1.4489
v  -0.5313 2.4205 0.9647
v  -0.4688 2.4205 0.9647
v  0.4687 2.9489 1.4047
v  0.5312 2.9489 1.4047
v  0.4687 2.4647 0.9205
v  0.5312 2.4647 0.9205
v  0.4687 2.9047 1.4489
v  0.5312 2.9047 1.4489
v  0.4687 2.4205 0.9647
v  0.5312 2.4205 0.9647
v  1.4687 2.9489 1.4047
v  1.5312 2.9489 1.4047
v  1.4687 2.4647 0.9205
v  1.5312 2.4647 0.9205
v  1.4687 2.9047 1.4489
v  1.5312 2.9047 1.4489
v  1.4687 2.4205 0.9647
v  1.5312 2.4205 0.9647
v  -1.4688 2.5808 1.1250
v  -1.4688 2.6250 1.1692
v  -1.4688 2.6250 1.0808
v  -1.4688 2.6692 1.1250
v  1.4688 2.5808 1.1250
v  1.4688 2.6250 1.1692
v  1.4688 2.6250 1.0808
v  1.4688 2.6692 1.1250
v  -1.5313 2.9489 -1.4047
v  -1.4688 2.9489 -1.4047
v  -1.5313 2.4647 -0.9205
v  -1.4688 2.4647 -0.9205
v  -1.5313 2.9047 -1.4489
v  -1.4688 2.9047 -1.4489
v  -1.5313 2.4205 -0.9647
v  -1.4688 2.4205 -0.9647
v  -0.5313 2.9489 -1.4047
v  -0.4688 2.9489 -1.4047
v  -0.5313 2.4647 -0.9205
v  -0.4688 2.4647 -0.9205
v  -0.5313 2.9047 -1.4489
v  -0.4688 2.9047 -1.4489
v  -0.5313 2.4205 -0.9647
v  -0.4688 2.4205 -0.9647
v  0.4687 2.9489 -1.4047
v  0.5312 2.9489 -1.4047
v  0.4687 2.4647 -0.9205
v  0.5312 2.4647 -0.9205
v  0.4687 2.9047 -1.4489
v  0.5312 2.9047 -1.4489
v  0.4687 2.4205 -0.9647
v  0.5312 2.4205 -0.9647
v  1.4687 2.9489 -1.4047
v  1.5312 2.9489 -1.4047
v  1.4687 2.4647 -0.9205
v  1.5312 2.4647 -0.9205
v  1.4687 2.9047 -1.4489
v  1.5312 2.9047 -1.4489
v  1.4687 2.4205 -0.9647
v  1.5312 2.4205 -0.9647
v  -1.4688 2.5808 -1.1250
v  -1.4688 2.6250 -1.1692
v  -1.4688 2.6250 -1.0808
v  -1.4688 2.6692 -1.1250
v  1.4688 2.5808 -1.1250
v  1.4688 2.6250 -1.1692
v  1.4688 2.6250 -1.0808
v  1.4688 2.6692 -1.1250
v  2.4489 0.9688 1.4047
v  2.4489 1.0313 1.4047
v  2.0953 0.9688 1.0511
v  2.0953 1.0313 1.0511
v  2.4047 0.9688 1.4489
v  2.4047 1.0313 1.4489
v  2.0511 0.9688 1.0953
v  2.0511 1.0313 1.0953
v  2.4489 1.4688 1.4047
v  2.4489 1.5313 1.4047
v  2.0953 1.4688 1.0511
v  2.0953 1.5313 1.0511
v  2.4047 1.4688 1.4489
v  2.4047 1.5313 1.4489
v  2.0511 1.4688 1.0953
v  2.0511 1.5313 1.0953
v  2.4489 1.9688 1.4047
v  2.4489 2.0313 1.4047
v  2.0953 1.9688 1.0511
v  2.0953 2.0313 1.0511
v  2.4047 1.9688 1.4489
v  2.4047 2.0313 1.4489
v  2.0511 1.9688 1.0953
v  2.0511 2.0313 1.0953
v  2.4489 0.9688 -1.4047
v  2.4489 1.0313 -1.4047
v  2.0953 0.9688 -1.0511
v  2.0953 1.0313 -1.0511
v  2.4047 0.9688 -1.4489
v  2.4047 1.0313 -1.4489
v  2.0511 0.9688 -1.0953
v  2.0511 1.0313 -1.0953
v  2.4489 1.4688 -1.4047
v  2.4489 1.5313 -1.4047
v  2.0953 1.4688 -1.0511
v  2.0953 1.5313 -1.0511
v  2.4047 1.4688 -1.4489
v  2.4047 1.5313 -1.4489
v  2.0511 1.4688 -1.0953
v  2.0511 1.5313 -1.0953
v  2.4489 1.9688 -1.4047
v  2.4489 2.0313 -1.4047
v  2.0953 1.9688 -1.0511
v  2.0953 2.0313 -1.0511
v  2.4047 1.9688 -1.4489
v  2.4047 2.0313 -1.4489
v  2.0511 1.9688 -1.0953
v  2.0511 2.0313 -1.0953
v  1.5313 0.1873 -1.2685
v  1.5313 0.2315 -1.3127
v  1.5313 0.5402 -0.9156
v  1.5313 0.5844 -0.9598
v  1.9688 0.1873 -1.2685
v  1.9688 0.2315 -1.3127
v  1.9688 0.5402 -0.9156
v  1.9688 0.5844 -0.9598
v  -1.5313 0.1873 -1.2685
v  -1.5313 0.2315 -1.3127
v  -1.5313 0.5402 -0.9156
v  -1.5313 0.5844 -0.9598
v  -1.9688 0.1873 -1.2685
v  -1.9688 0.2315 -1.3127
v  -1.9688 0.5402 -0.9156
v  -1.9688 0.5844 -0.9598
vn 1.0000 -0.0000 -0.0000
vn 1.0000 -0.0000 -0.0000
vn 1.0000 -0.0000 -0.0000
vn -1.0000 -0.0000 -0.0000
vn -1.0000 -0.0000 -0.0000
vn -1.0000 -0.0000 -0.0000
vn -0.0000 -0.7071 -0.7071
vn -0.0000 -0.7071 -0.7071
vn -0.0000 -0.7071 -0.7071
vn -0.0000 0.7071 0.7071
vn -0.0000 0.7071 0.7071
vn -0.0000 0.7071 0.7071
vn -1.0000 -0.0000 -0.0000
vn -1.0000 -0.0000 -0.0000
vn -1.0000 -0.0000 -0.0000
vn 1.0000 -0.0000 -0.0000
vn 1.0000 -0.0000 -0.0000
vn 1.0000 -0.0000 -0.0000
vn -0.0000 -0.7071 -0.7071
vn -0.0000 -0.7071 -0.7071
vn -0.0000 -0.7071 -0.7071
vn -0.0000 0.7071 0.7071
vn -0.0000 0.7071 0.7071
vn -0.0000 0.7071 0.7071
vn -0.7071 -0.0000 -0.7071
vn -0.7071 -0.0000 -0.7071
vn -0.7071 -0.0000 -0.7071
vn 0.7071 -0.0000 0.7071
vn 0.7071 -0.0000 0.7071
vn 0.7071 -0.0000 0.7071
vn -0.0000 -1.0000 -0.0000
vn -0.0000 -1.0000 -0.0000
vn -0.0000 -1.0000 -0.0000
vn -0.0000 1.0000 -0.0000
vn -0.0000 1.0000 -0.0000
vn -0.0000 1.0000 -0.0000
vn -0.7071 -0.0000 -0.7071
vn -0.7071 -0.0000 -0.7071
vn -0.7071 -0.0000 -0.7071
vn 0.7071 -0.0000 0.7071
vn 0.7071 -0.0000 0.7071
vn 0.7071 -0.0000 0.7071
vn -0.0000 -1.0000 -0.0000
vn -0.0000 -1.0000 -0.0000
vn -0.0000 -1.0000 -0.0000
vn -0.0000 1.0000 -0.0000
vn -0.0000 1.0000 -0.0000
vn -0.0000 1.0000 -0.0000
vn -0.7071 -0.0000 -0.7071
vn -0.7071 -0.0000 -0.7071
vn -0.7071 -0.0000 -0.7071
vn 0.7071 -0.0000 0.7071
vn 0.7071 -0.0000 0.7071
vn 0.7071 -0.0000 0.7071
vn -0.0000 -1.0000 -0.0000
vn -0.0000 -1.0000 -0.0000
vn -0.0000 -1.0000 -0.0000
vn -0.0000 1.0000 -0.0000
vn -0.0000 1.0000 -0.0000
vn -0.0000 1.0000 -0.0000
vn -0.7071 -0.0000 0.7071
vn -0.7071 -0.0000 0.7071
vn -0.7071 -0.0000 0.7071
vn 0.7071 -0.0000 -0.7071
vn 0.7071 -0.0000 -0.7071
vn 0.7071 -0.0000 -0.7071
vn -0.0000 -1.0000 -0.0000
vn -0.0000 -1.0000 -0.0000
vn -0.0000 -1.0000 -0.0000
vn -0.0000 1.0000 -0.0000
vn -0.0000 1.0000 -0.0000
vn -0.0000 1.0000 -0.0000
vn -0.7071 -0.0000 0.7071
vn -0.7071 -0.0000 0.7071
vn -0.7071 -0.0000 0.7071
vn 0.7071 -0.0000 -0.7071
vn 0.7071 -0.0000 -0.7071
vn 0.7071 -0.0000 -0.7071
vn -0.0000 -1.0000 -0.0000
vn -0.0000 -1.0000 -0.0000
vn -0.0000 -1.0000 -0.0000
vn -0.0000 1.0000 -0.0000
vn -0.0000 1.0000 -0.0000
vn -0.0000 1.0000 -0.0000
vn -0.7071 -0.0000 0.7071
vn -0.7071 -0.0000 0.7071
vn -0.7071 -0.0000 0.7071
vn 0.7071 -0.0000 -0.7071
vn 0.7071 -0.0000 -0.7071
vn 0.7071 -0.0000 -0.7071
vn -0.0000 -1.0000 -0.0000
vn -0.0000 -1.0000 -0.0000
vn -0.0000 -1.0000 -0.0000
vn -0.0000 1.0000 -0.0000
vn -0.0000 1.0000 -0.0000
vn -0.0000 1.0000 -0.0000
vn -1.0000 -0.0000 -0.0000
vn -1.0000 -0.0000 -0.0000
vn -1.0000 -0.0000 -0.0000
vn -0.0000 -0.0000 -1.0000
vn -0.0000 -0.0000 -1.0000
vn -0.0000 -0.0000 -1.0000
vn 1.0000 -0.0000 -0.0000
vn 1.0000 -0.0000 -0.0000
vn 1.0000 -0.0000 -0.0000
vn -0.0000 -1.0000 -0.0000
vn -0.0000 -1.0000 -0.0000
vn -0.0000 -1.0000 -0.0000
vn -0.0000 1.0000 -0.0000
vn -0.0000 1.0000 -0.0000
vn -0.0000 1.0000 -0.0000
vn -1.0000 -0.0000 -0.0000
vn -1.0000 -0.0000 -0.0000
vn -1.0000 -0.0000 -0.0000
vn -0.0000 -0.0000 -1.0000
vn -0.0000 -0.0000 -1.0000
vn -0.0000 -0.0000 -1.0000
vn 1.0000 -0.0000 -0.0000
vn 1.0000 -0.0000 -0.0000
vn 1.0000 -0.0000 -0.0000
vn -0.0000 -0.0000 1.0000
vn -0.0000 -0.0000 1.0000
vn -0.0000 -0.0000 1.0000
vn -1.0000 -0.0000 -0.0000
vn -1.0000 -0.0000 -0.0000
vn -1.0000 -0.0000 -0.0000
vn -0.0000 -0.0000 -1.0000
vn -0.0000 -0.0000 -1.0000
vn -0.0000 -0.0000 -1.0000
vn 1.0000 -0.0000 -0.0000
vn 1.0000 -0.0000 -0.0000
vn 1.0000 -0.0000 -0.0000
vn -0.0000 -0.0000 1.0000
vn -0.0000 -0.0000 1.0000
vn -0.0000 -0.0000 1.0000
vn -1.0000 -0.0000 -0.0000
vn -1.0000 -0.0000 -0.0000
vn -1.0000 -0.0000 -0.0000
vn -0.0000 -0.0000 -1.0000
vn -0.0000 -0.0000 -1.0000
vn -0.0000 -0.0000 -1.0000
vn 1.0000 -0.0000 -0.0000
vn 1.0000 -0.0000 -0.0000
vn 1.0000 -0.0000 -0.0000
vn -0.0000 -0.0000 1.0000
vn -0.0000 -0.0000 1.0000
vn -0.0000 -0.0000 1.0000
vn -1.0000 -0.0000 -0.0000
vn -1.0000 -0.0000 -0.0000
vn -1.0000 -0.0000 -0.0000
vn -0.0000 -0.0000 -1.0000
vn -0.0000 -0.0000 -1.0000
vn -0.0000 -0.0000 -1.0000
vn 1.0000 -0.0000 -0.0000
vn 1.0000 -0.0000 -0.0000
vn 1.0000 -0.0000 -0.0000
vn -0.0000 -0.0000 1.0000
vn -0.0000 -0.0000 1.0000
vn -0.0000 -0.0000 1.0000
vn -1.0000 -0.0000 -0.0000
vn -1.0000 -0.0000 -0.0000
vn -1.0000 -0.0000 -0.0000
vn -0.0000 -0.0000 -1.0000
vn -0.0000 -0.0000 -1.0000
vn -0.0000 -0.0000 -1.0000
vn 1.0000 -0.0000 -0.0000
vn 1.0000 -0.0000 -0.0000
vn 1.0000 -0.0000 -0.0000
vn -0.0000 -0.0000 1.0000
vn -0.0000 -0.0000 1.0000
vn -0.0000 -0.0000 1.0000
vn -1.0000 -0.0000 -0.0000
vn -1.0000 -0.0000 -0.0000
vn -1.0000 -0.0000 -0.0000
vn -0.0000 -0.0000 -1.0000
vn -0.0000 -0.0000 -1.0000
vn -0.0000 -0.0000 -1.0000
vn 1.0000 -0.0000 -0.0000
vn 1.0000 -0.0000 -0.0000
vn 1.0000 -0.0000 -0.0000
vn -0.0000 -0.0000 1.0000
vn -0.0000 -0.0000 1.0000
vn -0.0000 -0.0000 1.0000
vn -1.0000 -0.0000 -0.0000
vn -1.0000 -0.0000 -0.0000
vn -1.0000 -0.0000 -0.0000
vn -0.0000 -0.0000 -1.0000
vn -0.0000 -0.0000 -1.0000
vn -0.0000 -0.0000 -1.0000
vn 1.0000 -0.0000 -0.0000
vn 1.0000 -0.0000 -0.0000
vn 1.0000 -0.0000 -0.0000
vn -0.0000 -0.0000 1.0000
vn -0.0000 -0.0000 1.0000
vn -0.0000 -0.0000 1.0000
vn -1.0000 -0.0000 -0.0000
vn -1.0000 -0.0000 -0.0000
vn -1.0000 -0.0000 -0.0000
vn -0.0000 -0.0000 -1.0000
vn -0.0000 -0.0000 -1.0000
vn -0.0000 -0.0000 -1.0000
vn 1.0000 -0.0000 -0.0000
vn 1.0000 -0.0000 -0.0000
vn 1.0000 -0.0000 -0.0000
vn -0.0000 -0.0000 1.0000
vn -0.0000 -0.0000 1.0000
vn -0.0000 -0.0000 1.0000
vn 0.7071 0.7071 -0.0000
vn 0.7071 0.7071 -0.0000
vn 0.7071 0.7071 -0.0000
vn -0.0000 -0.0000 -1.0000
vn -0.0000 -0.0000 -1.0000
vn -0.0000 -0.0000 -1.0000
vn -0.0000 -0.0000 1.0000
vn -0.0000 -0.0000 1.0000
vn -0.0000 -0.0000 1.0000
vn -0.0000 -1.0000 -0.0000
vn -0.0000 -1.0000 -0.0000
vn -0.0000 -1.0000 -0.0000
vn -0.0000 1.0000 -0.0000
vn -0.0000 1.0000 -0.0000
vn -0.0000 1.0000 -0.0000
vn -0.0000 -0.0000 1.0000
vn -0.0000 -0.0000 1.0000
vn -0.0000 -0.0000 1.0000
vn -0.7071 -0.7071 -0.0000
vn -0.7071 -0.7071 -0.0000
vn -0.7071 -0.7071 -0.0000
vn -0.0000 -0.0000 -1.0000
vn -0.0000 -0.0000 -1.0000
vn -0.0000 -0.0000 -1.0000
vn -0.0000 -0.0000 1.0000
vn -0.0000 -0.0000 1.0000
vn -0.0000 -0.0000 1.0000
vn 0.7071 -0.7071 -0.0000
vn 0.7071 -0.7071 -0.0000
vn 0.7071 -0.7071 -0.0000
vn 1.0000 -0.0000 -0.0000
vn 1.0000 -0.0000 -0.0000
vn 1.0000 -0.0000 -0.0000
vn -1.0000 -0.0000 -0.0000
vn -1.0000 -0.0000 -0.0000
vn -1.0000 -0.0000 -0.0000
vn -0.0000 -0.0000 -1.0000
vn -0.0000 -0.0000 -1.0000
vn -0.0000 -0.0000 -1.0000
vn -0.0000 -0.0000 -1.0000
vn -0.0000 -0.0000 -1.0000
vn -0.0000 -0.0000 -1.0000
vn -0.7071 0.7071 -0.0000
vn -0.7071 0.7071 -0.0000
vn -0.7071 0.7071 -0.0000
vn -0.0000 -0.0000 -1.0000
vn -0.0000 -0.0000 -1.0000
vn -0.0000 -0.0000 -1.0000
vn -0.0000 -0.0000 1.0000
vn -0.0000 -0.0000 1.0000
vn -0.0000 -0.0000 1.0000
vn -0.7071 -0.7071 -0.0000
vn -0.7071 -0.7071 -0.0000
vn -0.7071 -0.7071 -0.0000
vn -0.0000 -0.0000 1.0000
vn -0.0000 -0.0000 1.0000
vn -0.0000 -0.0000 1.0000
vn -0.0000 -1.0000 -0.0000
vn -0.0000 -1.0000 -0.0000
vn -0.0000 -1.0000 -0.0000
vn -0.0000 1.0000 -0.0000
vn -0.0000 1.0000 -0.0000
vn -0.0000 1.0000 -0.0000
vn -1.0000 -0.0000 -0.0000
vn -1.0000 -0.0000 -0.0000
vn -1.0000 -0.0000 -0.0000
vn 0.7071 0.7071 -0.0000
vn 0.7071 0.7071 -0.0000
vn 0.7071 0.7071 -0.0000
vn -0.0000 -0.0000 -1.0000
vn -0.0000 -0.0000 -1.0000
vn -0.0000 -0.0000 -1.0000
vn -0.0000 -0.0000 1.0000
vn -0.0000 -0.0000 1.0000
vn -0.0000 -0.0000 1.0000
vn -0.0000 -0.0000 -1.0000
vn -0.0000 -0.0000 -1.0000
vn -0.0000 -0.0000 -1.0000
vn 1.0000 -0.0000 -0.0000
vn 1.0000 -0.0000 -0.0000
vn 1.0000 -0.0000 -0.0000
vn -0.0000 -0.0000 -1.0000
vn -0.0000 -0.0000 -1.0000
vn -0.0000 -0.0000 -1.0000
vn -0.0000 -0.0000 1.0000
vn -0.0000 -0.0000 1.0000
vn -0.0000 -0.0000 1.0000
vn -0.0000 1.0000 -0.0000
vn -0.0000 1.0000 -0.0000
vn -0.0000 1.0000 -0.0000
vn -0.0000 -0.0000 1.0000
vn -0.0000 -0.0000 1.0000
vn -0.0000 -0.0000 1.0000
vn -0.7071 0.7071 -0.0000
vn -0.7071 0.7071 -0.0000
vn -0.7071 0.7071 -0.0000
vn 0.7071 -0.7071 -0.0000
vn 0.7071 -0.7071 -0.0000
vn 0.7071 -0.7071 -0.0000
vn -0.0000 -1.0000 -0.0000
vn -0.0000 -1.0000 -0.0000
vn -0.0000 -1.0000 -0.0000
vn -0.0000 -0.0000 -1.0000
vn -0.0000 -0.0000 -1.0000
vn -0.0000 -0.0000 -1.0000
vn -0.0000 -0.0000 1.0000
vn -0.0000 -0.0000 1.0000
vn -0.0000 -0.0000 1.0000
vn 1.0000 -0.0000 -0.0000
vn 1.0000 -0.0000 -0.0000
vn 1.0000 -0.0000 -0.0000
vn -1.0000 -0.0000 -0.0000
vn -1.0000 -0.0000 -0.0000
vn -1.0000 -0.0000 -0.0000
vn 1.0000 -0.0000 -0.0000
vn 1.0000 -0.0000 -0.0000
vn 1.0000 -0.0000 -0.0000
vn -0.0000 -1.0000 -0.0000
vn -0.0000 -1.0000 -0.0000
vn -0.0000 -1.0000 -0.0000
vn -0.0000 1.0000 -0.0000
vn -0.0000 1.0000 -0.0000
vn -0.0000 1.0000 -0.0000
vn -1.0000 -0.0000 -0.0000
vn -1.0000 -0.0000 -0.0000
vn -1.0000 -0.0000 -0.0000
vn 1.0000 -0.0000 -0.0000
vn 1.0000 -0.0000 -0.0000
vn 1.0000 -0.0000 -0.0000
vn -0.0000 -1.0000 -0.0000
vn -0.0000 -1.0000 -0.0000
vn -0.0000 -1.0000 -0.0000
vn -0.0000 1.0000 -0.0000
vn -0.0000 1.0000 -0.0000
vn -0.0000 1.0000 -0.0000
vn -1.0000 -0.0000 -0.0000
vn -1.0000 -0.0000 -0.0000
vn -1.0000 -0.0000 -0.0000
vn 1.0000 -0.0000 -0.0000
vn 1.0000 -0.0000 -0.0000
vn 1.0000 -0.0000 -0.0000
vn -0.0000 -1.0000 -0.0000
vn -0.0000 -1.0000 -0.0000
vn -0.0000 -1.0000 -0.0000
vn -0.0000 1.0000 -0.0000
vn -0.0000 1.0000 -0.0000
vn -0.0000 1.0000 -0.0000
vn -1.0000 -0.0000 -0.0000
vn -1.0000 -0.0000 -0.0000
vn -1.0000 -0.0000 -0.0000
vn 1.0000 -0.0000 -0.0000
vn 1.0000 -0.0000 -0.0000
vn 1.0000 -0.0000 -0.0000
vn -0.0000 -1.0000 -0.0000
vn -0.0000 -1.0000 -0.0000
vn -0.0000 -1.0000 -0.0000
vn -0.0000 1.0000 -0.0000
vn -0.0000 1.0000 -0.0000
vn -0.0000 1.0000 -0.0000
vn -1.0000 -0.0000 -0.0000
vn -1.0000 -0.0000 -0.0000
vn -1.0000 -0.0000 -0.0000
vn 1.0000 -0.0000 -0.0000
vn 1.0000 -0.0000 -0.0000
vn 1.0000 -0.0000 -0.0000
vn -0.0000 -1.0000 -0.0000
vn -0.0000 -1.0000 -0.0000
vn -0.0000 -1.0000 -0.0000
vn -0.0000 1.0000 -0.0000
vn -0.0000 1.0000 -0.0000
vn -0.0000 1.0000 -0.0000
vn -1.0000 -0.0000 -0.0000
vn -1.0000 -0.0000 -0.0000
vn -1.0000 -0.0000 -0.0000
vn 1.0000 -0.0000 -0.0000
vn 1.0000 -0.0000 -0.0000
vn 1.0000 -0.0000 -0.0000
vn -0.0000 -1.0000 -0.0000
vn -0.0000 -1.0000 -0.0000
vn -0.0000 -1.0000 -0.0000
vn -0.0000 1.0000 -0.0000
vn -0.0000 1.0000 -0.0000
vn -0.0000 1.0000 -0.0000
vn -1.0000 -0.0000 -0.0000
vn -1.0000 -0.0000 -0.0000
vn -1.0000 -0.0000 -0.0000
vn -0.0000 -0.0000 -1.0000
vn -0.0000 -0.0000 -1.0000
vn -0.0000 -0.0000 -1.0000
vn 1.0000 -0.0000 -0.0000
vn 1.0000 -0.0000 -0.0000
vn 1.0000 -0.0000 -0.0000
vn -0.0000 -0.0000 1.0000
vn -0.0000 -0.0000 1.0000
vn -0.0000 -0.0000 1.0000
vn -0.0000 -1.0000 -0.0000
vn -0.0000 -1.0000 -0.0000
vn -0.0000 -1.0000 -0.0000
vn -0.0000 1.0000 -0.0000
vn -0.0000 1.0000 -0.0000
vn -0.0000 1.0000 -0.0000
vn -1.0000 -0.0000 -0.0000
vn -1.0000 -0.0000 -0.0000
vn -1.0000 -0.0000 -0.0000
vn -0.0000 -0.0000 -1.0000
vn -0.0000 -0.0000 -1.0000
vn -0.0000 -0.0000 -1.0000
vn 1.0000 -0.0000 -0.0000
vn 1.0000 -0.0000 -0.0000
vn 1.0000 -0.0000 -0.0000
vn -0.0000 -0.0000 1.0000
vn -0.0000 -0.0000 1.0000
vn -0.0000 -0.0000 1.0000
vn -0.0000 -1.0000 -0.0000
vn -0.0000 -1.0000 -0.0000
vn -0.0000 -1.0000 -0.0000
vn -0.0000 1.0000 -0.0000
vn -0.0000 1.0000 -0.0000
vn -0.0000 1.0000 -0.0000
vn 1.0000 -0.0000 -0.0000
vn 1.0000 -0.0000 -0.0000
vn 1.0000 -0.0000 -0.0000
vn -1.0000 -0.0000 -0.0000
vn -1.0000 -0.0000 -0.0000
vn -1.0000 -0.0000 -0.0000
vn -0.0000 -0.7071 0.7071
vn -0.0000 -0.7071 0.7071
vn -0.0000 -0.7071 0.7071
vn -0.0000 0.7071 -0.7071
vn -0.0000 0.7071 -0.7071
vn -0.0000 0.7071 -0.7071
vn 1.0000 -0.0000 -0.0000
vn 1.0000 -0.0000 -0.0000
vn 1.0000 -0.0000 -0.0000
vn -1.0000 -0.0000 -0.0000
vn -1.0000 -0.0000 -0.0000
vn -1.0000 -0.0000 -0.0000
vn -0.0000 -0.7071 -0.7071
vn -0.0000 -0.7071 -0.7071
vn -0.0000 -0.7071 -0.7071
vn -0.0000 0.7071 0.7071
vn -0.0000 0.7071 0.7071
vn -0.0000 0.7071 0.7071
vn 1.0000 -0.0000 -0.0000
vn 1.0000 -0.0000 -0.0000
vn 1.0000 -0.0000 -0.0000
vn -1.0000 -0.0000 -0.0000
vn -1.0000 -0.0000 -0.0000
vn -1.0000 -0.0000 -0.0000
vn -0.0000 0.7071 0.7071
vn -0.0000 0.7071 0.7071
vn -0.0000 0.7071 0.7071
vn -0.0000 -0.7071 -0.7071
vn -0.0000 -0.7071 -0.7071
vn -0.0000 -0.7071 -0.7071
vn 1.0000 -0.0000 -0.0000
vn 1.0000 -0.0000 -0.0000
vn 1.0000 -0.0000 -0.0000
vn -1.0000 -0.0000 -0.0000
vn -1.0000 -0.0000 -0.0000
vn -1.0000 -0.0000 -0.0000
vn -0.0000 0.7071 -0.7071
vn -0.0000 0.7071 -0.7071
vn -0.0000 0.7071 -0.7071
vn -0.0000 -0.7071 0.7071
vn -0.0000 -0.7071 0.7071
vn -0.0000 -0.7071 0.7071
vn -1.0000 -0.0000 -0.0000
vn -1.0000 -0.0000 -0.0000
vn -1.0000 -0.0000 -0.0000
vn 1.0000 -0.0000 -0.0000
vn 1.0000 -0.0000 -0.0000
vn 1.0000 -0.0000 -0.0000
vn -0.0000 -0.7071 0.7071
vn -0.0000 -0.7071 0.7071
vn -0.0000 -0.7071 0.7071
vn -0.0000 0.7071 -0.7071
vn -0.0000 0.7071 -0.7071
vn -0.0000 0.7071 -0.7071
vn -1.0000 -0.0000 -0.0000
vn -1.0000 -0.0000 -0.0000
vn -1.0000 -0.0000 -0.0000
vn 1.0000 -0.0000 -0.0000
vn 1.0000 -0.0000 -0.0000
vn 1.0000 -0.0000 -0.0000
vn -0.0000 -0.7071 -0.7071
vn -0.0000 -0.7071 -0.7071
vn -0.0000 -0.7071 -0.7071
vn -0.0000 0.7071 0.7071
vn -0.0000 0.7071 0.7071
vn -0.0000 0.7071 0.7071
vn -1.0000 -0.0000 -0.0000
vn -1.0000 -0.0000 -0.0000
vn -1.0000 -0.0000 -0.0000
vn 1.0000 -0.0000 -0.0000
vn 1.0000 -0.0000 -0.0000
vn 1.0000 -0.0000 -0.0000
vn -0.0000 0.7071 0.7071
vn -0.0000 0.7071 0.7071
vn -0.0000 0.7071 0.7071
vn -0.0000 -0.7071 -0.7071
vn -0.0000 -0.7071 -0.7071
vn -0.0000 -0.7071 -0.7071
vn -1.0000 -0.0000 -0.0000
vn -1.0000 -0.0000 -0.0000
vn -1.0000 -0.0000 -0.0000
vn 1.0000 -0.0000 -0.0000
vn 1.0000 -0.0000 -0.0000
vn 1.0000 -0.0000 -0.0000
vn -0.0000 0.7071 -0.7071
vn -0.0000 0.7071 -0.7071
vn -0.0000 0.7071 -0.7071
vn -0.0000 -0.7071 0.7071
vn -0.0000 -0.7071 0.7071
vn -0.0000 -0.7071 0.7071
vn -1.0000 -0.0000 -0.0000
vn -1.0000 -0.0000 -0.0000
vn -1.0000 -0.0000 -0.0000
vn -0.0000 -0.0000 -1.0000
vn -0.0000 -0.0000 -1.0000
vn -0.0000 -0.0000 -1.0000
vn 1.0000 -0.0000 -0.0000
vn 1.0000 -0.0000 -0.0000
vn 1.0000 -0.0000 -0.0000
vn -0.0000 -0.0000 1.0000
vn -0.0000 -0.0000 1.0000
vn -0.0000 -0.0000 1.0000
vn -1.0000 -0.0000 -0.0000
vn -1.0000 -0.0000 -0.0000
vn -1.0000 -0.0000 -0.0000
vn -0.0000 -0.0000 -1.0000
vn -0.0000 -0.0000 -1.0000
vn -0.0000 -0.0000 -1.0000
vn 1.0000 -0.0000 -0.0000
vn 1.0000 -0.0000 -0.0000
vn 1.0000 -0.0000 -0.0000
vn -0.0000 -0.0000 1.0000
vn -0.0000 -0.0000 1.0000
vn -0.0000 -0.0000 1.0000
vn -1.0000 -0.0000 -0.0000
vn -1.0000 -0.0000 -0.0000
vn -1.0000 -0.0000 -0.0000
vn -0.0000 -0.0000 -1.0000
vn -0.0000 -0.0000 -1.0000
vn -0.0000 -0.0000 -1.0000
vn 1.0000 -0.0000 -0.0000
vn 1.0000 -0.0000 -0.0000
vn 1.0000 -0.0000 -0.0000
vn -0.0000 -0.0000 1.0000
vn -0.0000 -0.0000 1.0000
vn -0.0000 -0.0000 1.0000
vn -1.0000 -0.0000 -0.0000
vn -1.0000 -0.0000 -0.0000
vn -1.0000 -0.0000 -0.0000
vn -0.0000 -0.0000 -1.0000
vn -0.0000 -0.0000 -1.0000
vn -0.0000 -0.0000 -1.0000
vn 1.0000 -0.0000 -0.0000
vn 1.0000 -0.0000 -0.0000
vn 1.0000 -0.0000 -0.0000
vn -0.0000 -0.0000 1.0000
vn -0.0000 -0.0000 1.0000
vn -0.0000 -0.0000 1.0000
vn -1.0000 -0.0000 -0.0000
vn -1.0000 -0.0000 -0.0000
vn -1.0000 -0.0000 -0.0000
vn 1.0000 -0.0000 -0.0000
vn 1.0000 -0.0000 -0.0000
vn 1.0000 -0.0000 -0.0000
vn -0.0000 -1.0000 -0.0000
vn -0.0000 -1.0000 -0.0000
vn -0.0000 -1.0000 -0.0000
vn -0.0000 1.0000 -0.0000
vn -0.0000 1.0000 -0.0000
vn -0.0000 1.0000 -0.0000
vn -1.0000 -0.0000 -0.0000
vn -1.0000 -0.0000 -0.0000
vn -1.0000 -0.0000 -0.0000
vn 1.0000 -0.0000 -0.0000
vn 1.0000 -0.0000 -0.0000
vn 1.0000 -0.0000 -0.0000
vn -0.0000 -1.0000 -0.0000
vn -0.0000 -1.0000 -0.0000
vn -0.0000 -1.0000 -0.0000
vn -0.0000 1.0000 -0.0000
vn -0.0000 1.0000 -0.0000
vn -0.0000 1.0000 -0.0000
vn -1.0000 -0.0000 -0.0000
vn -1.0000 -0.0000 -0.0000
vn -1.0000 -0.0000 -0.0000
vn 1.0000 -0.0000 -0.0000
vn 1.0000 -0.0000 -0.0000
vn 1.0000 -0.0000 -0.0000
vn -0.0000 -1.0000 -0.0000
vn -0.0000 -1.0000 -0.0000
vn -0.0000 -1.0000 -0.0000
vn -0.0000 1.0000 -0.0000
vn -0.0000 1.0000 -0.0000
vn -0.0000 1.0000 -0.0000
vn -1.0000 -0.0000 -0.0000
vn -1.0000 -0.0000 -0.0000
vn -1.0000 -0.0000 -0.0000
vn 1.0000 -0.0000 -0.0000
vn 1.0000 -0.0000 -0.0000
vn 1.0000 -0.0000 -0.0000
vn -0.0000 -1.0000 -0.0000
vn -0.0000 -1.0000 -0.0000
vn -0.0000 -1.0000 -0.0000
vn -0.0000 1.0000 -0.0000
vn -0.0000 1.0000 -0.0000
vn -0.0000 1.0000 -0.0000
vn -0.0000 -0.0000 -1.0000
vn -0.0000 -0.0000 -1.0000
vn -0.0000 -0.0000 -1.0000
vn -0.0000 -0.0000 1.0000
vn -0.0000 -0.0000 1.0000
vn -0.0000 -0.0000 1.0000
vn -0.0000 -1.0000 -0.0000
vn -0.0000 -1.0000 -0.0000
vn -0.0000 -1.0000 -0.0000
vn -0.0000 1.0000 -0.0000
vn -0.0000 1.0000 -0.0000
vn -0.0000 1.0000 -0.0000
vn -0.0000 -0.0000 -1.0000
vn -0.0000 -0.0000 -1.0000
vn -0.0000 -0.0000 -1.0000
vn -0.0000 -0.0000 1.0000
vn -0.0000 -0.0000 1.0000
vn -0.0000 -0.0000 1.0000
vn -0.0000 -1.0000 -0.0000
vn -0.0000 -1.0000 -0.0000
vn -0.0000 -1.0000 -0.0000
vn -0.0000 1.0000 -0.0000
vn -0.0000 1.0000 -0.0000
vn -0.0000 1.0000 -0.0000
vn -0.0000 -0.0000 -1.0000
vn -0.0000 -0.0000 -1.0000
vn -0.0000 -0.0000 -1.0000
vn -0.0000 -0.0000 1.0000
vn -0.0000 -0.0000 1.0000
vn -0.0000 -0.0000 1.0000
vn -0.0000 -1.0000 -0.0000
vn -0.0000 -1.0000 -0.0000
vn -0.0000 -1.0000 -0.0000
vn -0.0000 1.0000 -0.0000
vn -0.0000 1.0000 -0.0000
vn -0.0000 1.0000 -0.0000
vn -0.0000 -0.0000 -1.0000
vn -0.0000 -0.0000 -1.0000
vn -0.0000 -0.0000 -1.0000
vn -0.0000 -0.0000 1.0000
vn -0.0000 -0.0000 1.0000
vn -0.0000 -0.0000 1.0000
vn -0.0000 -1.0000 -0.0000
vn -0.0000 -1.0000 -0.0000
vn -0.0000 -1.0000 -0.0000
vn -0.0000 1.0000 -0.0000
vn -0.0000 1.0000 -0.0000
vn -0.0000 1.0000 -0.0000
vn -1.0000 -0.0000 -0.0000
vn -1.0000 -0.0000 -0.0000
vn -1.0000 -0.0000 -0.0000
vn -0.0000 -0.0000 -1.0000
vn -0.0000 -0.0000 -1.0000
vn -0.0000 -0.0000 -1.0000
vn 1.0000 -0.0000 -0.0000
vn 1.0000 -0.0000 -0.0000
vn 1.0000 -0.0000 -0.0000
vn -0.0000 -0.0000 1.0000
vn -0.0000 -0.0000 1.0000
vn -0.0000 -0.0000 1.0000
vn -0.0000 -1.0000 -0.0000
vn -0.0000 -1.0000 -0.0000
vn -0.0000 -1.0000 -0.0000
vn -0.0000 1.0000 -0.0000
vn -0.0000 1.0000 -0.0000
vn -0.0000 1.0000 -0.0000
vn -1.0000 -0.0000 -0.0000
vn -1.0000 -0.0000 -0.0000
vn -1.0000 -0.0000 -0.0000
vn -0.0000 -1.0000 -0.0000
vn -0.0000 -1.0000 -0.0000
vn -0.0000 -1.0000 -0.0000
vn 1.0000 -0.0000 -0.0000
vn 1.0000 -0.0000 -0.0000
vn 1.0000 -0.0000 -0.0000
vn -0.0000 1.0000 -0.0000
vn -0.0000 1.0000 -0.0000
vn -0.0000 1.0000 -0.0000
vn -0.0000 -0.0000 1.0000
vn -0.0000 -0.0000 1.0000
vn -0.0000 -0.0000 1.0000
vn -0.0000 -0.0000 -1.0000
vn -0.0000 -0.0000 -1.0000
vn -0.0000 -0.0000 -1.0000
vn -0.0000 -0.0000 1.0000
vn -0.0000 -0.0000 1.0000
vn -0.0000 -0.0000 1.0000
vn -1.0000 -0.0000 -0.0000
vn -1.0000 -0.0000 -0.0000
vn -1.0000 -0.0000 -0.0000
vn -0.0000 -0.0000 -1.0000
vn -0.0000 -0.0000 -1.0000
vn -0.0000 -0.0000 -1.0000
vn 1.0000 -0.0000 -0.0000
vn 1.0000 -0.0000 -0.0000
vn 1.0000 -0.0000 -0.0000
vn -0.0000 -1.0000 -0.0000
vn -0.0000 -1.0000 -0.0000
vn -0.0000 -1.0000 -0.0000
vn -0.0000 1.0000 -0.0000
vn -0.0000 1.0000 -0.0000
vn -0.0000 1.0000 -0.0000
vn -0.0000 -0.0000 1.0000
vn -0.0000 -0.0000 1.0000
vn -0.0000 -0.0000 1.0000
vn -0.0000 -1.0000 -0.0000
vn -0.0000 -1.0000 -0.0000
vn -0.0000 -1.0000 -0.0000
vn -0.0000 -0.0000 -1.0000
vn -0.0000 -0.0000 -1.0000
vn -0.0000 -0.0000 -1.0000
vn -0.0000 1.0000 -0.0000
vn -0.0000 1.0000 -0.0000
vn -0.0000 1.0000 -0.0000
vn 1.0000 -0.0000 -0.0000
vn 1.0000 -0.0000 -0.0000
vn 1.0000 -0.0000 -0.0000
vn -1.0000 -0.0000 -0.0000
vn -1.0000 -0.0000 -0.0000
vn -1.0000 -0.0000 -0.0000
vn 1.0000 -0.0000 -0.0000
vn 1.0000 -0.0000 -0.0000
vn 1.0000 -0.0000 -0.0000
vn -0.0000 -0.0000 1.0000
vn -0.0000 -0.0000 1.0000
vn -0.0000 -0.0000 1.0000
vn -1.0000 -0.0000 -0.0000
vn -1.0000 -0.0000 -0.0000
vn -1.0000 -0.0000 -0.0000
vn -0.0000 -0.0000 -1.0000
vn -0.0000 -0.0000 -1.0000
vn -0.0000 -0.0000 -1.0000
vn -0.0000 -1.0000 -0.0000
vn -0.0000 -1.0000 -0.0000
vn -0.0000 -1.0000 -0.0000
vn -0.0000 1.0000 -0.0000
vn -0.0000 1.0000 -0.0000
vn -0.0000 1.0000 -0.0000
vn 1.0000 -0.0000 -0.0000
vn 1.0000 -0.0000 -0.0000
vn 1.0000 -0.0000 -0.0000
vn -0.0000 -1.0000 -0.0000
vn -0.0000 -1.0000 -0.0000
vn -0.0000 -1.0000 -0.0000
vn -1.0000 -0.0000 -0.0000
vn -1.0000 -0.0000 -0.0000
vn -1.0000 -0.0000 -0.0000
vn -0.0000 1.0000 -0.0000
vn -0.0000 1.0000 -0.0000
vn -0.0000 1.0000 -0.0000
vn -0.0000 -0.0000 -1.0000
vn -0.0000 -0.0000 -1.0000
vn -0.0000 -0.0000 -1.0000
vn -0.0000 -0.0000 1.0000
vn -0.0000 -0.0000 1.0000
vn -0.0000 -0.0000 1.0000
vn -0.0000 -0.0000 -1.0000
vn -0.0000 -0.0000 -1.0000
vn -0.0000 -0.0000 -1.0000
vn 1.0000 -0.0000 -0.0000
vn 1.0000 -0.0000 -0.0000
vn 1.0000 -0.0000 -0.0000
vn -0.0000 -0.0000 1.0000
vn -0.0000 -0.0000 1.0000
vn -0.0000 -0.0000 1.0000
vn -1.0000 -0.0000 -0.0000
vn -1.0000 -0.0000 -0.0000
vn -1.0000 -0.0000 -0.0000
vn -0.0000 -1.0000 -0.0000
vn -0.0000 -1.0000 -0.0000
vn -0.0000 -1.0000 -0.0000
vn -0.0000 1.0000 -0.0000
vn -0.0000 1.0000 -0.0000
vn -0.0000 1.0000 -0.0000
vn -0.0000 -0.0000 -1.0000
vn -0.0000 -0.0000 -1.0000
vn -0.0000 -0.0000 -1.0000
vn -0.0000 -1.0000 -0.0000
vn -0.0000 -1.0000 -0.0000
vn -0.0000 -1.0000 -0.0000
vn -0.0000 -0.0000 1.0000
vn -0.0000 -0.0000 1.0000
vn -0.0000 -0.0000 1.0000
vn -0.0000 1.0000 -0.0000
vn -0.0000 1.0000 -0.0000
vn -0.0000 1.0000 -0.0000
vn -1.0000 -0.0000 -0.0000
vn -1.0000 -0.0000 -0.0000
vn -1.0000 -0.0000 -0.0000
vn 1.0000 -0.0000 -0.0000
vn 1.0000 -0.0000 -0.0000
vn 1.0000 -0.0000 -0.0000
vn -1.0000 -0.0000 -0.0000
vn -1.0000 -0.0000 -0.0000
vn -1.0000 -0.0000 -0.0000
vn -1.0000 -0.0000 -0.0000
vn -1.0000 -0.0000 -0.0000
vn -1.0000 -0.0000 -0.0000
vn -0.0000 0.8944 0.4472
vn -0.0000 0.8944 0.4472
vn -0.0000 0.8944 0.4472
vn 1.0000 -0.0000 -0.0000
vn 1.0000 -0.0000 -0.0000
vn 1.0000 -0.0000 -0.0000
vn -0.0000 -0.0000 -1.0000
vn -0.0000 -0.0000 -1.0000
vn -0.0000 -0.0000 -1.0000
vn -0.0000 -1.0000 -0.0000
vn -0.0000 -1.0000 -0.0000
vn -0.0000 -1.0000 -0.0000
vn -0.0000 1.0000 -0.0000
vn -0.0000 1.0000 -0.0000
vn -0.0000 1.0000 -0.0000
vn -0.0000 1.0000 -0.0000
vn -0.0000 1.0000 -0.0000
vn -0.0000 1.0000 -0.0000
vn -0.8944 -0.0000 0.4472
vn -0.8944 -0.0000 0.4472
vn -0.8944 -0.0000 0.4472
vn 0.8944 -0.0000 0.4472
vn 0.8944 -0.0000 0.4472
vn 0.8944 -0.0000 0.4472
vn -0.0000 -0.8944 0.4472
vn -0.0000 -0.8944 0.4472
vn -0.0000 -0.8944 0.4472
vn -1.0000 -0.0000 -0.0000
vn -1.0000 -0.0000 -0.0000
vn -1.0000 -0.0000 -0.0000
vn 1.0000 -0.0000 -0.0000
vn 1.0000 -0.0000 -0.0000
vn 1.0000 -0.0000 -0.0000
vn -0.0000 -1.0000 -0.0000
vn -0.0000 -1.0000 -0.0000
vn -0.0000 -1.0000 -0.0000
vn -1.0000 -0.0000 -0.0000
vn -1.0000 -0.0000 -0.0000
vn -1.0000 -0.0000 -0.0000
vn -0.0000 0.8944 0.4472
vn -0.0000 0.8944 0.4472
vn -0.0000 0.8944 0.4472
vn 1.0000 -0.0000 -0.0000
vn 1.0000 -0.0000 -0.0000
vn 1.0000 -0.0000 -0.0000
vn -0.0000 -0.0000 -1.0000
vn -0.0000 -0.0000 -1.0000
vn -0.0000 -0.0000 -1.0000
vn -0.0000 -1.0000 -0.0000
vn -0.0000 -1.0000 -0.0000
vn -0.0000 -1.0000 -0.0000
vn -0.0000 1.0000 -0.0000
vn -0.0000 1.0000 -0.0000
vn -0.0000 1.0000 -0.0000
vn -0.0000 1.0000 -0.0000
vn -0.0000 1.0000 -0.0000
vn -0.0000 1.0000 -0.0000
vn -0.8944 -0.0000 0.4472
vn -0.8944 -0.0000 0.4472
vn -0.8944 -0.0000 0.4472
vn 0.8944 -0.0000 0.4472
vn 0.8944 -0.0000 0.4472
vn 0.8944 -0.0000 0.4472
vn -0.0000 -0.8944 0.4472
vn -0.0000 -0.8944 0.4472
vn -0.0000 -0.8944 0.4472
vn -1.0000 -0.0000 -0.0000
vn -1.0000 -0.0000 -0.0000
vn -1.0000 -0.0000 -0.0000
vn 1.0000 -0.0000 -0.0000
vn 1.0000 -0.0000 -0.0000
vn 1.0000 -0.0000 -0.0000
vn -0.0000 -1.0000 -0.0000
vn -0.0000 -1.0000 -0.0000
vn -0.0000 -1.0000 -0.0000
vn -1.0000 -0.0000 -0.0000
vn -1.0000 -0.0000 -0.0000
vn -1.0000 -0.0000 -0.0000
vn -0.0000 0.8944 -0.4472
vn -0.0000 0.8944 -0.4472
vn -0.0000 0.8944 -0.4472
vn 1.0000 -0.0000 -0.0000
vn 1.0000 -0.0000 -0.0000
vn 1.0000 -0.0000 -0.0000
vn -0.0000 -0.0000 1.0000
vn -0.0000 -0.0000 1.0000
vn -0.0000 -0.0000 1.0000
vn -0.0000 -1.0000 -0.0000
vn -0.0000 -1.0000 -0.0000
vn -0.0000 -1.0000 -0.0000
vn -0.0000 1.0000 -0.0000
vn -0.0000 1.0000 -0.0000
vn -0.0000 1.0000 -0.0000
vn -0.0000 1.0000 -0.0000
vn -0.0000 1.0000 -0.0000
vn -0.0000 1.0000 -0.0000
vn -0.8944 -0.0000 -0.4472
vn -0.8944 -0.0000 -0.4472
vn -0.8944 -0.0000 -0.4472
vn 0.8944 -0.0000 -0.4472
vn 0.8944 -0.0000 -0.4472
vn 0.8944 -0.0000 -0.4472
vn -0.0000 -0.8944 -0.4472
vn -0.0000 -0.8944 -0.4472
vn -0.0000 -0.8944 -0.4472
vn -1.0000 -0.0000 -0.0000
vn -1.0000 -0.0000 -0.0000
vn -1.0000 -0.0000 -0.0000
vn 1.0000 -0.0000 -0.0000
vn 1.0000 -0.0000 -0.0000
vn 1.0000 -0.0000 -0.0000
vn -0.0000 -1.0000 -0.0000
vn -0.0000 -1.0000 -0.0000
vn -0.0000 -1.0000 -0.0000
vn -1.0000 -0.0000 -0.0000
vn -1.0000 -0.0000 -0.0000
vn -1.0000 -0.0000 -0.0000
vn -0.0000 0.8944 -0.4472
vn -0.0000 0.8944 -0.4472
vn -0.0000 0.8944 -0.4472
vn 1.0000 -0.0000 -0.0000
vn 1.0000 -0.0000 -0.0000
vn 1.0000 -0.0000 -0.0000
vn -0.0000 -0.0000 1.0000
vn -0.0000 -0.0000 1.0000
vn -0.0000 -0.0000 1.0000
vn -0.0000 -1.0000 -0.0000
vn -0.0000 -1.0000 -0.0000
vn -0.0000 -1.0000 -0.0000
vn -0.0000 1.0000 -0.0000
vn -0.0000 1.0000 -0.0000
vn -0.0000 1.0000 -0.0000
vn -0.0000 1.0000 -0.0000
vn -0.0000 1.0000 -0.0000
vn -0.0000 1.0000 -0.0000
vn -0.8944 -0.0000 -0.4472
vn -0.8944 -0.0000 -0.4472
vn -0.8944 -0.0000 -0.4472
vn 0.8944 -0.0000 -0.4472
vn 0.8944 -0.0000 -0.4472
vn 0.8944 -0.0000 -0.4472
vn -0.0000 -0.8944 -0.4472
vn -0.0000 -0.8944 -0.4472
vn -0.0000 -0.8944 -0.4472
vn -1.0000 -0.0000 -0.0000
vn -1.0000 -0.0000 -0.0000
vn -1.0000 -0.0000 -0.0000
vn 1.0000 -0.0000 -0.0000
vn 1.0000 -0.0000 -0.0000
vn 1.0000 -0.0000 -0.0000
vn -0.0000 -1.0000 -0.0000
vn -0.0000 -1.0000 -0.0000
vn -0.0000 -1.0000 -0.0000
vn -1.0000 -0.0000 -0.0000
vn -1.0000 -0.0000 -0.0000
vn -1.0000 -0.0000 -0.0000
vn 1.0000 -0.0000 -0.0000
vn 1.0000 -0.0000 -0.0000
vn 1.0000 -0.0000 -0.0000
vn -0.0000 -0.0000 1.0000
vn -0.0000 -0.0000 1.0000
vn -0.0000 -0.0000 1.0000
vn -0.0000 -1.0000 -0.0000
vn -0.0000 -1.0000 -0.0000
vn -0.0000 -1.0000 -0.0000
vn -0.0000 1.0000 -0.0000
vn -0.0000 1.0000 -0.0000
vn -0.0000 1.0000 -0.0000
vn -0.0000 0.7071 -0.7071
vn -0.0000 0.7071 -0.7071
vn -0.0000 0.7071 -0.7071
vn -0.0000 -0.7071 0.7071
vn -0.0000 -0.7071 0.7071
vn -0.0000 -0.7071 0.7071
vn -1.0000 -0.0000 -0.0000
vn -1.0000 -0.0000 -0.0000
vn -1.0000 -0.0000 -0.0000
vn 1.0000 -0.0000 -0.0000
vn 1.0000 -0.0000 -0.0000
vn 1.0000 -0.0000 -0.0000
vn -0.0000 0.7071 -0.7071
vn -0.0000 0.7071 -0.7071
vn -0.0000 0.7071 -0.7071
vn -0.0000 -0.7071 0.7071
vn -0.0000 -0.7071 0.7071
vn -0.0000 -0.7071 0.7071
vn -1.0000 -0.0000 -0.0000
vn -1.0000 -0.0000 -0.0000
vn -1.0000 -0.0000 -0.0000
vn 1.0000 -0.0000 -0.0000
vn 1.0000 -0.0000 -0.0000
vn 1.0000 -0.0000 -0.0000
vn -0.0000 0.7071 -0.7071
vn -0.0000 0.7071 -0.7071
vn -0.0000 0.7071 -0.7071
vn -0.0000 -0.7071 0.7071
vn -0.0000 -0.7071 0.7071
vn -0.0000 -0.7071 0.7071
vn -1.0000 -0.0000 -0.0000
vn -1.0000 -0.0000 -0.0000
vn -1.0000 -0.0000 -0.0000
vn 1.0000 -0.0000 -0.0000
vn 1.0000 -0.0000 -0.0000
vn 1.0000 -0.0000 -0.0000
vn -0.0000 0.7071 -0.7071
vn -0.0000 0.7071 -0.7071
vn -0.0000 0.7071 -0.7071
vn -0.0000 -0.7071 0.7071
vn -0.0000 -0.7071 0.7071
vn -0.0000 -0.7071 0.7071
vn -1.0000 -0.0000 -0.0000
vn -1.0000 -0.0000 -0.0000
vn -1.0000 -0.0000 -0.0000
vn 1.0000 -0.0000 -0.0000
vn 1.0000 -0.0000 -0.0000
vn 1.0000 -0.0000 -0.0000
vn -0.0000 0.7071 -0.7071
vn -0.0000 0.7071 -0.7071
vn -0.0000 0.7071 -0.7071
vn -0.0000 -0.7071 0.7071
vn -0.0000 -0.7071 0.7071
vn -0.0000 -0.7071 0.7071
vn -0.0000 -0.7071 -0.7071
vn -0.0000 -0.7071 -0.7071
vn -0.0000 -0.7071 -0.7071
vn -0.0000 0.7071 0.7071
vn -0.0000 0.7071 0.7071
vn -0.0000 0.7071 0.7071
vn -0.0000 0.7071 0.7071
vn -0.0000 0.7071 0.7071
vn -0.0000 0.7071 0.7071
vn -0.0000 -0.7071 -0.7071
vn -0.0000 -0.7071 -0.7071
vn -0.0000 -0.7071 -0.7071
vn -1.0000 -0.0000 -0.0000
vn -1.0000 -0.0000 -0.0000
vn -1.0000 -0.0000 -0.0000
vn 1.0000 -0.0000 -0.0000
vn 1.0000 -0.0000 -0.0000
vn 1.0000 -0.0000 -0.0000
vn -0.0000 0.7071 0.7071
vn -0.0000 0.7071 0.7071
vn -0.0000 0.7071 0.7071
vn -0.0000 -0.7071 -0.7071
vn -0.0000 -0.7071 -0.7071
vn -0.0000 -0.7071 -0.7071
vn -1.0000 -0.0000 -0.0000
vn -1.0000 -0.0000 -0.0000
vn -1.0000 -0.0000 -0.0000
vn 1.0000 -0.0000 -0.0000
vn 1.0000 -0.0000 -0.0000
vn 1.0000 -0.0000 -0.0000
vn -0.0000 0.7071 0.7071
vn -0.0000 0.7071 0.7071
vn -0.0000 0.7071 0.7071
vn -0.0000 -0.7071 -0.7071
vn -0.0000 -0.7071 -0.7071
vn -0.0000 -0.7071 -0.7071
vn -1.0000 -0.0000 -0.0000
vn -1.0000 -0.0000 -0.0000
vn -1.0000 -0.0000 -0.0000
vn 1.0000 -0.0000 -0.0000
vn 1.0000 -0.0000 -0.0000
vn 1.0000 -0.0000 -0.0000
vn -0.0000 0.7071 0.7071
vn -0.0000 0.7071 0.7071
vn -0.0000 0.7071 0.7071
vn -0.0000 -0.7071 -0.7071
vn -0.0000 -0.7071 -0.7071
vn -0.0000 -0.7071 -0.7071
vn -1.0000 -0.0000 -0.0000
vn -1.0000 -0.0000 -0.0000
vn -1.0000 -0.0000 -0.0000
vn 1.0000 -0.0000 -0.0000
vn 1.0000 -0.0000 -0.0000
vn 1.0000 -0.0000 -0.0000
vn -0.0000 0.7071 0.7071
vn -0.0000 0.7071 0.7071
vn -0.0000 0.7071 0.7071
vn -0.0000 -0.7071 -0.7071
vn -0.0000 -0.7071 -0.7071
vn -0.0000 -0.7071 -0.7071
vn -0.0000 -0.7071 0.7071
vn -0.0000 -0.7071 0.7071
vn -0.0000 -0.7071 0.7071
vn -0.0000 0.7071 -0.7071
vn -0.0000 0.7071 -0.7071
vn -0.0000 0.7071 -0.7071
vn 0.7071 -0.0000 -0.7071
vn 0.7071 -0.0000 -0.7071
vn 0.7071 -0.0000 -0.7071
vn -0.7071 -0.0000 0.7071
vn -0.7071 -0.0000 0.7071
vn -0.7071 -0.0000 0.7071
vn -0.0000 -1.0000 -0.0000
vn -0.0000 -1.0000 -0.0000
vn -0.0000 -1.0000 -0.0000
vn -0.0000 1.0000 -0.0000
vn -0.0000 1.0000 -0.0000
vn -0.0000 1.0000 -0.0000
vn 0.7071 -0.0000 -0.7071
vn 0.7071 -0.0000 -0.7071
vn 0.7071 -0.0000 -0.7071
vn -0.7071 -0.0000 0.7071
vn -0.7071 -0.0000 0.7071
vn -0.7071 -0.0000 0.7071
vn -0.0000 -1.0000 -0.0000
vn -0.0000 -1.0000 -0.0000
vn -0.0000 -1.0000 -0.0000
vn -0.0000 1.0000 -0.0000
vn -0.0000 1.0000 -0.0000
vn -0.0000 1.0000 -0.0000
vn 0.7071 -0.0000 -0.7071
vn 0.7071 -0.0000 -0.7071
vn 0.7071 -0.0000 -0.7071
vn -0.7071 -0.0000 0.7071
vn -0.7071 -0.0000 0.7071
vn -0.7071 -0.0000 0.7071
vn -0.0000 -1.0000 -0.0000
vn -0.0000 -1.0000 -0.0000
vn -0.0000 -1.0000 -0.0000
vn -0.0000 1.0000 -0.0000
vn -0.0000 1.0000 -0.0000
vn -0.0000 1.0000 -0.0000
vn 0.7071 -0.0000 0.7071
vn 0.7071 -0.0000 0.7071
vn 0.7071 -0.0000 0.7071
vn -0.7071 -0.0000 -0.7071
vn -0.7071 -0.0000 -0.7071
vn -0.7071 -0.0000 -0.7071
vn -0.0000 -1.0000 -0.0000
vn -0.0000 -1.0000 -0.0000
vn -0.0000 -1.0000 -0.0000
vn -0.0000 1.0000 -0.0000
vn -0.0000 1.0000 -0.0000
vn -0.0000 1.0000 -0.0000
vn 0.7071 -0.0000 0.7071
vn 0.7071 -0.0000 0.7071
vn 0.7071 -0.0000 0.7071
vn -0.7071 -0.0000 -0.7071
vn -0.7071 -0.0000 -0.7071
vn -0.7071 -0.0000 -0.7071
vn -0.0000 -1.0000 -0.0000
vn -0.0000 -1.0000 -0.0000
vn -0.0000 -1.0000 -0.0000
vn -0.0000 1.0000 -0.0000
vn -0.0000 1.0000 -0.0000
vn -0.0000 1.0000 -0.0000
vn 0.7071 -0.0000 0.7071
vn 0.7071 -0.0000 0.7071
vn 0.7071 -0.0000 0.7071
vn -0.7071 -0.0000 -0.7071
vn -0.7071 -0.0000 -0.7071
vn -0.7071 -0.0000 -0.7071
vn -0.0000 -1.0000 -0.0000
vn -0.0000 -1.0000 -0.0000
vn -0.0000 -1.0000 -0.0000
vn -0.0000 1.0000 -0.0000
vn -0.0000 1.0000 -0.0000
vn -0.0000 1.0000 -0.0000
vn -1.0000 -0.0000 -0.0000
vn -1.0000 -0.0000 -0.0000
vn -1.0000 -0.0000 -0.0000
vn 1.0000 -0.0000 -0.0000
vn 1.0000 -0.0000 -0.0000
vn 1.0000 -0.0000 -0.0000
vn -0.0000 -0.7071 0.7071
vn -0.0000 -0.7071 0.7071
vn -0.0000 -0.7071 0.7071
vn -0.0000 0.7071 -0.7071
vn -0.0000 0.7071 -0.7071
vn -0.0000 0.7071 -0.7071
vn 1.0000 -0.0000 -0.0000
vn 1.0000 -0.0000 -0.0000
vn 1.0000 -0.0000 -0.0000
vn -1.0000 -0.0000 -0.0000
vn -1.0000 -0.0000 -0.0000
vn -1.0000 -0.0000 -0.0000
vn -0.0000 -0.7071 0.7071
vn -0.0000 -0.7071 0.7071
vn -0.0000 -0.7071 0.7071
vn -0.0000 0.7071 -0.7071
vn -0.0000 0.7071 -0.7071
vn -0.0000 0.7071 -0.7071
vn 1.0000 -0.0000 -0.0000
vn 1.0000 -0.0000 -0.0000
vn 1.0000 -0.0000 -0.0000
vn -1.0000 -0.0000 -0.0000
vn -1.0000 -0.0000 -0.0000
vn -1.0000 -0.0000 -0.0000
vn -0.0000 -0.7071 -0.7071
vn -0.0000 -0.7071 -0.7071
vn -0.0000 -0.7071 -0.7071
vn -0.0000 0.7071 0.7071
vn -0.0000 0.7071 0.7071
vn -0.0000 0.7071 0.7071
vn -1.0000 -0.0000 -0.0000
vn -1.0000 -0.0000 -0.0000
vn -1.0000 -0.0000 -0.0000
vn 1.0000 -0.0000 -0.0000
vn 1.0000 -0.0000 -0.0000
vn 1.0000 -0.0000 -0.0000
vn -0.0000 -0.7071 -0.7071
vn -0.0000 -0.7071 -0.7071
vn -0.0000 -0.7071 -0.7071
vn -0.0000 0.7071 0.7071
vn -0.0000 0.7071 0.7071
vn -0.0000 0.7071 0.7071
vn -0.7071 -0.0000 -0.7071
vn -0.7071 -0.0000 -0.7071
vn -0.7071 -0.0000 -0.7071
vn 0.7071 -0.0000 0.7071
vn 0.7071 -0.0000 0.7071
vn 0.7071 -0.0000 0.7071
vn -0.0000 -1.0000 -0.0000
vn -0.0000 -1.0000 -0.0000
vn -0.0000 -1.0000 -0.0000
vn -0.0000 1.0000 -0.0000
vn -0.0000 1.0000 -0.0000
vn -0.0000 1.0000 -0.0000
vn -0.7071 -0.0000 -0.7071
vn -0.7071 -0.0000 -0.7071
vn -0.7071 -0.0000 -0.7071
vn 0.7071 -0.0000 0.7071
vn 0.7071 -0.0000 0.7071
vn 0.7071 -0.0000 0.7071
vn -0.0000 -1.0000 -0.0000
vn -0.0000 -1.0000 -0.0000
vn -0.0000 -1.0000 -0.0000
vn -0.0000 1.0000 -0.0000
vn -0.0000 1.0000 -0.0000
vn -0.0000 1.0000 -0.0000
vn -0.7071 -0.0000 -0.7071
vn -0.7071 -0.0000 -0.7071
vn -0.7071 -0.0000 -0.7071
vn 0.7071 -0.0000 0.7071
vn 0.7071 -0.0000 0.7071
vn 0.7071 -0.0000 0.7071
vn -0.0000 -1.0000 -0.0000
vn -0.0000 -1.0000 -0.0000
vn -0.0000 -1.0000 -0.0000
vn -0.0000 1.0000 -0.0000
vn -0.0000 1.0000 -0.0000
vn -0.0000 1.0000 -0.0000
vn -0.7071 -0.0000 0.7071
vn -0.7071 -0.0000 0.7071
vn -0.7071 -0.0000 0.7071
vn 0.7071 -0.0000 -0.7071
vn 0.7071 -0.0000 -0.7071
vn 0.7071 -0.0000 -0.7071
vn -0.0000 -1.0000 -0.0000
vn -0.0000 -1.0000 -0.0000
vn -0.0000 -1.0000 -0.0000
vn -0.0000 1.0000 -0.0000
vn -0.0000 1.0000 -0.0000
vn -0.0000 1.0000 -0.0000
vn -0.7071 -0.0000 0.7071
vn -0.7071 -0.0000 0.7071
vn -0.7071 -0.0000 0.7071
vn 0.7071 -0.0000 -0.7071
vn 0.7071 -0.0000 -0.7071
vn 0.7071 -0.0000 -0.7071
vn -0.0000 -1.0000 -0.0000
vn -0.0000 -1.0000 -0.0000
vn -0.0000 -1.0000 -0.0000
vn -0.0000 1.0000 -0.0000
vn -0.0000 1.0000 -0.0000
vn -0.0000 1.0000 -0.0000
vn -0.7071 -0.0000 0.7071
vn -0.7071 -0.0000 0.7071
vn -0.7071 -0.0000 0.7071
vn 0.7071 -0.0000 -0.7071
vn 0.7071 -0.0000 -0.7071
vn 0.7071 -0.0000 -0.7071
vn -0.0000 -1.0000 -0.0000
vn -0.0000 -1.0000 -0.0000
vn -0.0000 -1.0000 -0.0000
vn -0.0000 1.0000 -0.0000
vn -0.0000 1.0000 -0.0000
vn -0.0000 1.0000 -0.0000
vn -1.0000 -0.0000 -0.0000
vn -1.0000 -0.0000 -0.0000
vn -1.0000 -0.0000 -0.0000
vn -0.0000 -0.0000 -1.0000
vn -0.0000 -0.0000 -1.0000
vn -0.0000 -0.0000 -1.0000
vn 1.0000 -0.0000 -0.0000
vn 1.0000 -0.0000 -0.0000
vn 1.0000 -0.0000 -0.0000
vn -0.0000 -1.0000 -0.0000
vn -0.0000 -1.0000 -0.0000
vn -0.0000 -1.0000 -0.0000
vn -0.0000 1.0000 -0.0000
vn -0.0000 1.0000 -0.0000
vn -0.0000 1.0000 -0.0000
vn -1.0000 -0.0000 -0.0000
vn -1.0000 -0.0000 -0.0000
vn -1.0000 -0.0000 -0.0000
vn -0.0000 -0.0000 -1.0000
vn -0.0000 -0.0000 -1.0000
vn -0.0000 -0.0000 -1.0000
vn 1.0000 -0.0000 -0.0000
vn 1.0000 -0.0000 -0.0000
vn 1.0000 -0.0000 -0.0000
vn -0.0000 -0.0000 1.0000
vn -0.0000 -0.0000 1.0000
vn -0.0000 -0.0000 1.0000
vn -1.0000 -0.0000 -0.0000
vn -1.0000 -0.0000 -0.0000
vn -1.0000 -0.0000 -0.0000
vn -0.0000 -0.0000 -1.0000
vn -0.0000 -0.0000 -1.0000
vn -0.0000 -0.0000 -1.0000
vn 1.0000 -0.0000 -0.0000
vn 1.0000 -0.0000 -0.0000
vn 1.0000 -0.0000 -0.0000
vn -0.0000 -0.0000 1.0000
vn -0.0000 -0.0000 1.0000
vn -0.0000 -0.0000 1.0000
vn -1.0000 -0.0000 -0.0000
vn -1.0000 -0.0000 -0.0000
vn -1.0000 -0.0000 -0.0000
vn -0.0000 -0.0000 -1.0000
vn -0.0000 -0.0000 -1.0000
vn -0.0000 -0.0000 -1.0000
vn 1.0000 -0.0000 -0.0000
vn 1.0000 -0.0000 -0.0000
vn 1.0000 -0.0000 -0.0000
vn -0.0000 -0.0000 1.0000
vn -0.0000 -0.0000 1.0000
vn -0.0000 -0.0000 1.0000
vn -1.0000 -0.0000 -0.0000
vn -1.0000 -0.0000 -0.0000
vn -1.0000 -0.0000 -0.0000
vn -0.0000 -0.0000 -1.0000
vn -0.0000 -0.0000 -1.0000
vn -0.0000 -0.0000 -1.0000
vn 1.0000 -0.0000 -0.0000
vn 1.0000 -0.0000 -0.0000
vn 1.0000 -0.0000 -0.0000
vn -0.0000 -0.0000 1.0000
vn -0.0000 -0.0000 1.0000
vn -0.0000 -0.0000 1.0000
vn -1.0000 -0.0000 -0.0000
vn -1.0000 -0.0000 -0.0000
vn -1.0000 -0.0000 -0.0000
vn -0.0000 -0.0000 -1.0000
vn -0.0000 -0.0000 -1.0000
vn -0.0000 -0.0000 -1.0000
vn 1.0000 -0.0000 -0.0000
vn 1.0000 -0.0000 -0.0000
vn 1.0000 -0.0000 -0.0000
vn -0.0000 -0.0000 1.0000
vn -0.0000 -0.0000 1.0000
vn -0.0000 -0.0000 1.0000
vn -1.0000 -0.0000 -0.0000
vn -1.0000 -0.0000 -0.0000
vn -1.0000 -0.0000 -0.0000
vn -0.0000 -0.0000 -1.0000
vn -0.0000 -0.0000 -1.0000
vn -0.0000 -0.0000 -1.0000
vn 1.0000 -0.0000 -0.0000
vn 1.0000 -0.0000 -0.0000
vn 1.0000 -0.0000 -0.0000
vn -0.0000 -0.0000 1.0000
vn -0.0000 -0.0000 1.0000
vn -0.0000 -0.0000 1.0000
vn -1.0000 -0.0000 -0.0000
vn -1.0000 -0.0000 -0.0000
vn -1.0000 -0.0000 -0.0000
vn -0.0000 -0.0000 -1.0000
vn -0.0000 -0.0000 -1.0000
vn -0.0000 -0.0000 -1.0000
vn 1.0000 -0.0000 -0.0000
vn 1.0000 -0.0000 -0.0000
vn 1.0000 -0.0000 -0.0000
vn -0.0000 -0.0000 1.0000
vn -0.0000 -0.0000 1.0000
vn -0.0000 -0.0000 1.0000
vn -1.0000 -0.0000 -0.0000
vn -1.0000 -0.0000 -0.0000
vn -1.0000 -0.0000 -0.0000
vn -0.0000 -0.0000 -1.0000
vn -0.0000 -0.0000 -1.0000
vn -0.0000 -0.0000 -1.0000
vn 1.0000 -0.0000 -0.0000
vn 1.0000 -0.0000 -0.0000
vn 1.0000 -0.0000 -0.0000
vn -0.0000 -0.0000 1.0000
vn -0.0000 -0.0000 1.0000
vn -0.0000 -0.0000 1.0000
vn 0.7071 0.7071 -0.0000
vn 0.7071 0.7071 -0.0000
vn 0.7071 0.7071 -0.0000
vn -0.0000 -0.0000 -1.0000
vn -0.0000 -0.0000 -1.0000
vn -0.0000 -0.0000 -1.0000
vn -0.0000 -0.0000 1.0000
vn -0.0000 -0.0000 1.0000
vn -0.0000 -0.0000 1.0000
vn -0.0000 -1.0000 -0.0000
vn -0.0000 -1.0000 -0.0000
vn -0.0000 -1.0000 -0.0000
vn -0.0000 1.0000 -0.0000
vn -0.0000 1.0000 -0.0000
vn -0.0000 1.0000 -0.0000
vn -0.0000 -0.0000 1.0000
vn -0.0000 -0.0000 1.0000
vn -0.0000 -0.0000 1.0000
vn -0.7071 -0.7071 -0.0000
vn -0.7071 -0.7071 -0.0000
vn -0.7071 -0.7071 -0.0000
vn -0.0000 -0.0000 -1.0000
vn -0.0000 -0.0000 -1.0000
vn -0.0000 -0.0000 -1.0000
vn -0.0000 -0.0000 1.0000
vn -0.0000 -0.0000 1.0000
vn -0.0000 -0.0000 1.0000
vn 0.7071 -0.7071 -0.0000
vn 0.7071 -0.7071 -0.0000
vn 0.7071 -0.7071 -0.0000
vn 1.0000 -0.0000 -0.0000
vn 1.0000 -0.0000 -0.0000
vn 1.0000 -0.0000 -0.0000
vn -1.0000 -0.0000 -0.0000
vn -1.0000 -0.0000 -0.0000
vn -1.0000 -0.0000 -0.0000
vn -0.0000 -0.0000 -1.0000
vn -0.0000 -0.0000 -1.0000
vn -0.0000 -0.0000 -1.0000
vn -0.0000 -0.0000 -1.0000
vn -0.0000 -0.0000 -1.0000
vn -0.0000 -0.0000 -1.0000
vn -0.7071 0.7071 -0.0000
vn -0.7071 0.7071 -0.0000
vn -0.7071 0.7071 -0.0000
vn -0.0000 -0.0000 -1.0000
vn -0.0000 -0.0000 -1.0000
vn -0.0000 -0.0000 -1.0000
vn -0.0000 -0.0000 1.0000
vn -0.0000 -0.0000 1.0000
vn -0.0000 -0.0000 1.0000
vn -0.7071 -0.7071 -0.0000
vn -0.7071 -0.7071 -0.0000
vn -0.7071 -0.7071 -0.0000
vn -0.0000 -0.0000 1.0000
vn -0.0000 -0.0000 1.0000
vn -0.0000 -0.0000 1.0000
vn -0.0000 -1.0000 -0.0000
vn -0.0000 -1.0000 -0.0000
vn -0.0000 -1.0000 -0.0000
vn -0.0000 1.0000 -0.0000
vn -0.0000 1.0000 -0.0000
vn -0.0000 1.0000 -0.0000
vn -1.0000 -0.0000 -0.0000
vn -1.0000 -0.0000 -0.0000
vn -1.0000 -0.0000 -0.0000
vn 0.7071 0.7071 -0.0000
vn 0.7071 0.7071 -0.0000
vn 0.7071 0.7071 -0.0000
vn -0.0000 -0.0000 -1.0000
vn -0.0000 -0.0000 -1.0000
vn -0.0000 -0.0000 -1.0000
vn -0.0000 -0.0000 1.0000
vn -0.0000 -0.0000 1.0000
vn -0.0000 -0.0000 1.0000
vn -0.0000 -0.0000 -1.0000
vn -0.0000 -0.0000 -1.0000
vn -0.0000 -0.0000 -1.0000
vn 1.0000 -0.0000 -0.0000
vn 1.0000 -0.0000 -0.0000
vn 1.0000 -0.0000 -0.0000
vn -0.0000 -0.0000 -1.0000
vn -0.0000 -0.0000 -1.0000
vn -0.0000 -0.0000 -1.0000
vn -0.0000 -0.0000 1.0000
vn -0.0000 -0.0000 1.0000
vn -0.0000 -0.0000 1.0000
vn -0.0000 1.0000 -0.0000
vn -0.0000 1.0000 -0.0000
vn -0.0000 1.0000 -0.0000
vn -0.0000 -0.0000 1.0000
vn -0.0000 -0.0000 1.0000
vn -0.0000 -0.0000 1.0000
vn -0.7071 0.7071 -0.0000
vn -0.7071 0.7071 -0.0000
vn -0.7071 0.7071 -0.0000
vn 0.7071 -0.7071 -0.0000
vn 0.7071 -0.7071 -0.0000
vn 0.7071 -0.7071 -0.0000
vn -0.0000 -1.0000 -0.0000
vn -0.0000 -1.0000 -0.0000
vn -0.0000 -1.0000 -0.0000
vn -0.0000 -0.0000 -1.0000
vn -0.0000 -0.0000 -1.0000
vn -0.0000 -0.0000 -1.0000
vn -0.0000 -0.0000 1.0000
vn -0.0000 -0.0000 1.0000
vn -0.0000 -0.0000 1.0000
vn 1.0000 -0.0000 -0.0000
vn 1.0000 -0.0000 -0.0000
vn 1.0000 -0.0000 -0.0000
vn 1.0000 -0.0000 -0.0000
vn 1.0000 -0.0000 -0.0000
vn 1.0000 -0.0000 -0.0000
vn 1.0000 -0.0000 -0.0000
vn 1.0000 -0.0000 -0.0000
vn 1.0000 -0.0000 -0.0000
vn 1.0000 -0.0000 -0.0000
vn 1.0000 -0.0000 -0.0000
vn 1.0000 -0.0000 -0.0000
vn -1.0000 -0.0000 -0.0000
vn -1.0000 -0.0000 -0.0000
vn -1.0000 -0.0000 -0.0000
vn 1.0000 -0.0000 -0.0000
vn 1.0000 -0.0000 -0.0000
vn 1.0000 -0.0000 -0.0000
vn -0.0000 -1.0000 -0.0000
vn -0.0000 -1.0000 -0.0000
vn -0.0000 -1.0000 -0.0000
vn -0.0000 1.0000 -0.0000
vn -0.0000 1.0000 -0.0000
vn -0.0000 1.0000 -0.0000
vn -1.0000 -0.0000 -0.0000
vn -1.0000 -0.0000 -0.0000
vn -1.0000 -0.0000 -0.0000
vn 1.0000 -0.0000 -0.0000
vn 1.0000 -0.0000 -0.0000
vn 1.0000 -0.0000 -0.0000
vn -0.0000 -1.0000 -0.0000
vn -0.0000 -1.0000 -0.0000
vn -0.0000 -1.0000 -0.0000
vn -0.0000 1.0000 -0.0000
vn -0.0000 1.0000 -0.0000
vn -0.0000 1.0000 -0.0000
vn -1.0000 -0.0000 -0.0000
vn -1.0000 -0.0000 -0.0000
vn -1.0000 -0.0000 -0.0000
vn 1.0000 -0.0000 -0.0000
vn 1.0000 -0.0000 -0.0000
vn 1.0000 -0.0000 -0.0000
vn -0.0000 -1.0000 -0.0000
vn -0.0000 -1.0000 -0.0000
vn -0.0000 -1.0000 -0.0000
vn -0.0000 1.0000 -0.0000
vn -0.0000 1.0000 -0.0000
vn -0.0000 1.0000 -0.0000
vn -1.0000 -0.0000 -0.0000
vn -1.0000 -0.0000 -0.0000
vn -1.0000 -0.0000 -0.0000
vn 1.0000 -0.0000 -0.0000
vn 1.0000 -0.0000 -0.0000
vn 1.0000 -0.0000 -0.0000
vn -0.0000 -1.0000 -0.0000
vn -0.0000 -1.0000 -0.0000
vn -0.0000 -1.0000 -0.0000
vn -0.0000 1.0000 -0.0000
vn -0.0000 1.0000 -0.0000
vn -0.0000 1.0000 -0.0000
vn -1.0000 -0.0000 -0.0000
vn -1.0000 -0.0000 -0.0000
vn -1.0000 -0.0000 -0.0000
vn 1.0000 -0.0000 -0.0000
vn 1.0000 -0.0000 -0.0000
vn 1.0000 -0.0000 -0.0000
vn -0.0000 -1.0000 -0.0000
vn -0.0000 -1.0000 -0.0000
vn -0.0000 -1.0000 -0.0000
vn -0.0000 1.0000 -0.0000
vn -0.0000 1.0000 -0.0000
vn -0.0000 1.0000 -0.0000
vn -1.0000 -0.0000 -0.0000
vn -1.0000 -0.0000 -0.0000
vn -1.0000 -0.0000 -0.0000
vn 1.0000 -0.0000 -0.0000
vn 1.0000 -0.0000 -0.0000
vn 1.0000 -0.0000 -0.0000
vn -0.0000 -1.0000 -0.0000
vn -0.0000 -1.0000 -0.0000
vn -0.0000 -1.0000 -0.0000
vn -0.0000 1.0000 -0.0000
vn -0.0000 1.0000 -0.0000
vn -0.0000 1.0000 -0.0000
vn -1.0000 -0.0000 -0.0000
vn -1.0000 -0.0000 -0.0000
vn -1.0000 -0.0000 -0.0000
vn -0.0000 -0.0000 -1.0000
vn -0.0000 -0.0000 -1.0000
vn -0.0000 -0.0000 -1.0000
vn 1.0000 -0.0000 -0.0000
vn 1.0000 -0.0000 -0.0000
vn 1.0000 -0.0000 -0.0000
vn -0.0000 -0.0000 1.0000
vn -0.0000 -0.0000 1.0000
vn -0.0000 -0.0000 1.0000
vn -0.0000 -1.0000 -0.0000
vn -0.0000 -1.0000 -0.0000
vn -0.0000 -1.0000 -0.0000
vn -0.0000 1.0000 -0.0000
vn -0.0000 1.0000 -0.0000
vn -0.0000 1.0000 -0.0000
vn -1.0000 -0.0000 -0.0000
vn -1.0000 -0.0000 -0.0000
vn -1.0000 -0.0000 -0.0000
vn -0.0000 -0.0000 -1.0000
vn -0.0000 -0.0000 -1.0000
vn -0.0000 -0.0000 -1.0000
vn 1.0000 -0.0000 -0.0000
vn 1.0000 -0.0000 -0.0000
vn 1.0000 -0.0000 -0.0000
vn -0.0000 -0.0000 1.0000
vn -0.0000 -0.0000 1.0000
vn -0.0000 -0.0000 1.0000
vn -0.0000 -1.0000 -0.0000
vn -0.0000 -1.0000 -0.0000
vn -0.0000 -1.0000 -0.0000
vn -0.0000 1.0000 -0.0000
vn -0.0000 1.0000 -0.0000
vn -0.0000 1.0000 -0.0000
vn 1.0000 -0.0000 -0.0000
vn 1.0000 -0.0000 -0.0000
vn 1.0000 -0.0000 -0.0000
vn -1.0000 -0.0000 -0.0000
vn -1.0000 -0.0000 -0.0000
vn -1.0000 -0.0000 -0.0000
vn -0.0000 -0.7071 0.7071
vn -0.0000 -0.7071 0.7071
vn -0.0000 -0.7071 0.7071
vn -0.0000 0.7071 -0.7071
vn -0.0000 0.7071 -0.7071
vn -0.0000 0.7071 -0.7071
vn 1.0000 -0.0000 -0.0000
vn 1.0000 -0.0000 -0.0000
vn 1.0000 -0.0000 -0.0000
vn -1.0000 -0.0000 -0.0000
vn -1.0000 -0.0000 -0.0000
vn -1.0000 -0.0000 -0.0000
vn -0.0000 -0.7071 -0.7071
vn -0.0000 -0.7071 -0.7071
vn -0.0000 -0.7071 -0.7071
vn -0.0000 0.7071 0.7071
vn -0.0000 0.7071 0.7071
vn -0.0000 0.7071 0.7071
vn 1.0000 -0.0000 -0.0000
vn 1.0000 -0.0000 -0.0000
vn 1.0000 -0.0000 -0.0000
vn -1.0000 -0.0000 -0.0000
vn -1.0000 -0.0000 -0.0000
vn -1.0000 -0.0000 -0.0000
vn -0.0000 0.7071 0.7071
vn -0.0000 0.7071 0.7071
vn -0.0000 0.7071 0.7071
vn -0.0000 -0.7071 -0.7071
vn -0.0000 -0.7071 -0.7071
vn -0.0000 -0.7071 -0.7071
vn 1.0000 -0.0000 -0.0000
vn 1.0000 -0.0000 -0.0000
vn 1.0000 -0.0000 -0.0000
vn -1.0000 -0.0000 -0.0000
vn -1.0000 -0.0000 -0.0000
vn -1.0000 -0.0000 -0.0000
vn -0.0000 0.7071 -0.7071
vn -0.0000 0.7071 -0.7071
vn -0.0000 0.7071 -0.7071
vn -0.0000 -0.7071 0.7071
vn -0.0000 -0.7071 0.7071
vn -0.0000 -0.7071 0.7071
vn -1.0000 -0.0000 -0.0000
vn -1.0000 -0.0000 -0.0000
vn -1.0000 -0.0000 -0.0000
vn 1.0000 -0.0000 -0.0000
vn 1.0000 -0.0000 -0.0000
vn 1.0000 -0.0000 -0.0000
vn -0.0000 -0.7071 0.7071
vn -0.0000 -0.7071 0.7071
vn -0.0000 -0.7071 0.7071
vn -0.0000 0.7071 -0.7071
vn -0.0000 0.7071 -0.7071
vn -0.0000 0.7071 -0.7071
vn -1.0000 -0.0000 -0.0000
vn -1.0000 -0.0000 -0.0000
vn -1.0000 -0.0000 -0.0000
vn 1.0000 -0.0000 -0.0000
vn 1.0000 -0.0000 -0.0000
vn 1.0000 -0.0000 -0.0000
vn -0.0000 -0.7071 -0.7071
vn -0.0000 -0.7071 -0.7071
vn -0.0000 -0.7071 -0.7071
vn -0.0000 0.7071 0.7071
vn -0.0000 0.7071 0.7071
vn -0.0000 0.7071 0.7071
vn -1.0000 -0.0000 -0.0000
vn -1.0000 -0.0000 -0.0000
vn -1.0000 -0.0000 -0.0000
vn 1.0000 -0.0000 -0.0000
vn 1.0000 -0.0000 -0.0000
vn 1.0000 -0.0000 -0.0000
vn -0.0000 0.7071 0.7071
vn -0.0000 0.7071 0.7071
vn -0.0000 0.7071 0.7071
vn -0.0000 -0.7071 -0.7071
vn -0.0000 -0.7071 -0.7071
vn -0.0000 -0.7071 -0.7071
vn -1.0000 -0.0000 -0.0000
vn -1.0000 -0.0000 -0.0000
vn -1.0000 -0.0000 -0.0000
vn 1.0000 -0.0000 -0.0000
vn 1.0000 -0.0000 -0.0000
vn 1.0000 -0.0000 -0.0000
vn -0.0000 0.7071 -0.7071
vn -0.0000 0.7071 -0.7071
vn -0.0000 0.7071 -0.7071
vn -0.0000 -0.7071 0.7071
vn -0.0000 -0.7071 0.7071
vn -0.0000 -0.7071 0.7071
vn -1.0000 -0.0000 -0.0000
vn -1.0000 -0.0000 -0.0000
vn -1.0000 -0.0000 -0.0000
vn -0.0000 -0.0000 -1.0000
vn -0.0000 -0.0000 -1.0000
vn -0.0000 -0.0000 -1.0000
vn 1.0000 -0.0000 -0.0000
vn 1.0000 -0.0000 -0.0000
vn 1.0000 -0.0000 -0.0000
vn -0.0000 -0.0000 1.0000
vn -0.0000 -0.0000 1.0000
vn -0.0000 -0.0000 1.0000
vn -1.0000 -0.0000 -0.0000
vn -1.0000 -0.0000 -0.0000
vn -1.0000 -0.0000 -0.0000
vn -0.0000 -0.0000 -1.0000
vn -0.0000 -0.0000 -1.0000
vn -0.0000 -0.0000 -1.0000
vn 1.0000 -0.0000 -0.0000
vn 1.0000 -0.0000 -0.0000
vn 1.0000 -0.0000 -0.0000
vn -0.0000 -0.0000 1.0000
vn -0.0000 -0.0000 1.0000
vn -0.0000 -0.0000 1.0000
vn -1.0000 -0.0000 -0.0000
vn -1.0000 -0.0000 -0.0000
vn -1.0000 -0.0000 -0.0000
vn -0.0000 -0.0000 -1.0000
vn -0.0000 -0.0000 -1.0000
vn -0.0000 -0.0000 -1.0000
vn 1.0000 -0.0000 -0.0000
vn 1.0000 -0.0000 -0.0000
vn 1.0000 -0.0000 -0.0000
vn -0.0000 -0.0000 1.0000
vn -0.0000 -0.0000 1.0000
vn -0.0000 -0.0000 1.0000
vn -1.0000 -0.0000 -0.0000
vn -1.0000 -0.0000 -0.0000
vn -1.0000 -0.0000 -0.0000
vn -0.0000 -0.0000 -1.0000
vn -0.0000 -0.0000 -1.0000
vn -0.0000 -0.0000 -1.0000
vn 1.0000 -0.0000 -0.0000
vn 1.0000 -0.0000 -0.0000
vn 1.0000 -0.0000 -0.0000
vn -0.0000 -0.0000 1.0000
vn -0.0000 -0.0000 1.0000
vn -0.0000 -0.0000 1.0000
vn -1.0000 -0.0000 -0.0000
vn -1.0000 -0.0000 -0.0000
vn -1.0000 -0.0000 -0.0000
vn 1.0000 -0.0000 -0.0000
vn 1.0000 -0.0000 -0.0000
vn 1.0000 -0.0000 -0.0000
vn -0.0000 -1.0000 -0.0000
vn -0.0000 -1.0000 -0.0000
vn -0.0000 -1.0000 -0.0000
vn -0.0000 1.0000 -0.0000
vn -0.0000 1.0000 -0.0000
vn -0.0000 1.0000 -0.0000
vn -1.0000 -0.0000 -0.0000
vn -1.0000 -0.0000 -0.0000
vn -1.0000 -0.0000 -0.0000
vn 1.0000 -0.0000 -0.0000
vn 1.0000 -0.0000 -0.0000
vn 1.0000 -0.0000 -0.0000
vn -0.0000 -1.0000 -0.0000
vn -0.0000 -1.0000 -0.0000
vn -0.0000 -1.0000 -0.0000
vn -0.0000 1.0000 -0.0000
vn -0.0000 1.0000 -0.0000
vn -0.0000 1.0000 -0.0000
vn -1.0000 -0.0000 -0.0000
vn -1.0000 -0.0000 -0.0000
vn -1.0000 -0.0000 -0.0000
vn 1.0000 -0.0000 -0.0000
vn 1.0000 -0.0000 -0.0000
vn 1.0000 -0.0000 -0.0000
vn -0.0000 -1.0000 -0.0000
vn -0.0000 -1.0000 -0.0000
vn -0.0000 -1.0000 -0.0000
vn -0.0000 1.0000 -0.0000
vn -0.0000 1.0000 -0.0000
vn -0.0000 1.0000 -0.0000
vn -1.0000 -0.0000 -0.0000
vn -1.0000 -0.0000 -0.0000
vn -1.0000 -0.0000 -0.0000
vn 1.0000 -0.0000 -0.0000
vn 1.0000 -0.0000 -0.0000
vn 1.0000 -0.0000 -0.0000
vn -0.0000 -1.0000 -0.0000
vn -0.0000 -1.0000 -0.0000
vn -0.0000 -1.0000 -0.0000
vn -0.0000 1.0000 -0.0000
vn -0.0000 1.0000 -0.0000
vn -0.0000 1.0000 -0.0000
vn -0.0000 -0.0000 -1.0000
vn -0.0000 -0.0000 -1.0000
vn -0.0000 -0.0000 -1.0000
vn -0.0000 -0.0000 1.0000
vn -0.0000 -0.0000 1.0000
vn -0.0000 -0.0000 1.0000
vn -0.0000 -1.0000 -0.0000
vn -0.0000 -1.0000 -0.0000
vn -0.0000 -1.0000 -0.0000
vn -0.0000 1.0000 -0.0000
vn -0.0000 1.0000 -0.0000
vn -0.0000 1.0000 -0.0000
vn -0.0000 -0.0000 -1.0000
vn -0.0000 -0.0000 -1.0000
vn -0.0000 -0.0000 -1.0000
vn -0.0000 -0.0000 1.0000
vn -0.0000 -0.0000 1.0000
vn -0.0000 -0.0000 1.0000
vn -0.0000 -1.0000 -0.0000
vn -0.0000 -1.0000 -0.0000
vn -0.0000 -1.0000 -0.0000
vn -0.0000 1.0000 -0.0000
vn -0.0000 1.0000 -0.0000
vn -0.0000 1.0000 -0.0000
vn -0.0000 -0.0000 -1.0000
vn -0.0000 -0.0000 -1.0000
vn -0.0000 -0.0000 -1.0000
vn -0.0000 -0.0000 1.0000
vn -0.0000 -0.0000 1.0000
vn -0.0000 -0.0000 1.0000
vn -0.0000 -1.0000 -0.0000
vn -0.0000 -1.0000 -0.0000
vn -0.0000 -1.0000 -0.0000
vn -0.0000 1.0000 -0.0000
vn -0.0000 1.0000 -0.0000
vn -0.0000 1.0000 -0.0000
vn -0.0000 -0.0000 -1.0000
vn -0.0000 -0.0000 -1.0000
vn -0.0000 -0.0000 -1.0000
vn -0.0000 -0.0000 1.0000
vn -0.0000 -0.0000 1.0000
vn -0.0000 -0.0000 1.0000
vn -0.0000 -1.0000 -0.0000
vn -0.0000 -1.0000 -0.0000
vn -0.0000 -1.0000 -0.0000
vn -0.0000 1.0000 -0.0000
vn -0.0000 1.0000 -0.0000
vn -0.0000 1.0000 -0.0000
vn -1.0000 -0.0000 -0.0000
vn -1.0000 -0.0000 -0.0000
vn -1.0000 -0.0000 -0.0000
vn -0.0000 -0.0000 -1.0000
vn -0.0000 -0.0000 -1.0000
vn -0.0000 -0.0000 -1.0000
vn 1.0000 -0.0000 -0.0000
vn 1.0000 -0.0000 -0.0000
vn 1.0000 -0.0000 -0.0000
vn -0.0000 -0.0000 1.0000
vn -0.0000 -0.0000 1.0000
vn -0.0000 -0.0000 1.0000
vn -0.0000 -1.0000 -0.0000
vn -0.0000 -1.0000 -0.0000
vn -0.0000 -1.0000 -0.0000
vn -0.0000 1.0000 -0.0000
vn -0.0000 1.0000 -0.0000
vn -0.0000 1.0000 -0.0000
vn -1.0000 -0.0000 -0.0000
vn -1.0000 -0.0000 -0.0000
vn -1.0000 -0.0000 -0.0000
vn -0.0000 -1.0000 -0.0000
vn -0.0000 -1.0000 -0.0000
vn -0.0000 -1.0000 -0.0000
vn 1.0000 -0.0000 -0.0000
vn 1.0000 -0.0000 -0.0000
vn 1.0000 -0.0000 -0.0000
vn -0.0000 1.0000 -0.0000
vn -0.0000 1.0000 -0.0000
vn -0.0000 1.0000 -0.0000
vn -0.0000 -0.0000 1.0000
vn -0.0000 -0.0000 1.0000
vn -0.0000 -0.0000 1.0000
vn -0.0000 -0.0000 -1.0000
vn -0.0000 -0.0000 -1.0000
vn -0.0000 -0.0000 -1.0000
vn -0.0000 -0.0000 1.0000
vn -0.0000 -0.0000 1.0000
vn -0.0000 -0.0000 1.0000
vn -1.0000 -0.0000 -0.0000
vn -1.0000 -0.0000 -0.0000
vn -1.0000 -0.0000 -0.0000
vn -0.0000 -0.0000 -1.0000
vn -0.0000 -0.0000 -1.0000
vn -0.0000 -0.0000 -1.0000
vn 1.0000 -0.0000 -0.0000
vn 1.0000 -0.0000 -0.0000
vn 1.0000 -0.0000 -0.0000
vn -0.0000 -1.0000 -0.0000
vn -0.0000 -1.0000 -0.0000
vn -0.0000 -1.0000 -0.0000
vn -0.0000 1.0000 -0.0000
vn -0.0000 1.0000 -0.0000
vn -0.0000 1.0000 -0.0000
vn -0.0000 -0.0000 1.0000
vn -0.0000 -0.0000 1.0000
vn -0.0000 -0.0000 1.0000
vn -0.0000 -1.0000 -0.0000
vn -0.0000 -1.0000 -0.0000
vn -0.0000 -1.0000 -0.0000
vn -0.0000 -0.0000 -1.0000
vn -0.0000 -0.0000 -1.0000
vn -0.0000 -0.0000 -1.0000
vn -0.0000 1.0000 -0.0000
vn -0.0000 1.0000 -0.0000
vn -0.0000 1.0000 -0.0000
vn 1.0000 -0.0000 -0.0000
vn 1.0000 -0.0000 -0.0000
vn 1.0000 -0.0000 -0.0000
vn -1.0000 -0.0000 -0.0000
vn -1.0000 -0.0000 -0.0000
vn -1.0000 -0.0000 -0.0000
vn 1.0000 -0.0000 -0.0000
vn 1.0000 -0.0000 -0.0000
vn 1.0000 -0.0000 -0.0000
vn -0.0000 -0.0000 1.0000
vn -0.0000 -0.0000 1.0000
vn -0.0000 -0.0000 1.0000
vn -1.0000 -0.0000 -0.0000
vn -1.0000 -0.0000 -0.0000
vn -1.0000 -0.0000 -0.0000
vn -0.0000 -0.0000 -1.0000
vn -0.0000 -0.0000 -1.0000
vn -0.0000 -0.0000 -1.0000
vn -0.0000 -1.0000 -0.0000
vn -0.0000 -1.0000 -0.0000
vn -0.0000 -1.0000 -0.0000
vn -0.0000 1.0000 -0.0000
vn -0.0000 1.0000 -0.0000
vn -0.0000 1.0000 -0.0000
vn 1.0000 -0.0000 -0.0000
vn 1.0000 -0.0000 -0.0000
vn 1.0000 -0.0000 -0.0000
vn -0.0000 -1.0000 -0.0000
vn -0.0000 -1.0000 -0.0000
vn -0.0000 -1.0000 -0.0000
vn -1.0000 -0.0000 -0.0000
vn -1.0000 -0.0000 -0.0000
vn -1.0000 -0.0000 -0.0000
vn -0.0000 1.0000 -0.0000
vn -0.0000 1.0000 -0.0000
vn -0.0000 1.0000 -0.0000
vn -0.0000 -0.0000 -1.0000
vn -0.0000 -0.0000 -1.0000
vn -0.0000 -0.0000 -1.0000
vn -0.0000 -0.0000 1.0000
vn -0.0000 -0.0000 1.0000
vn -0.0000 -0.0000 1.0000
vn -0.0000 -0.0000 -1.0000
vn -0.0000 -0.0000 -1.0000
vn -0.0000 -0.0000 -1.0000
vn 1.0000 -0.0000 -0.0000
vn 1.0000 -0.0000 -0.0000
vn 1.0000 -0.0000 -0.0000
vn -0.0000 -0.0000 1.0000
vn -0.0000 -0.0000 1.0000
vn -0.0000 -0.0000 1.0000
vn -1.0000 -0.0000 -0.0000
vn -1.0000 -0.0000 -0.0000
vn -1.0000 -0.0000 -0.0000
vn -0.0000 -1.0000 -0.0000
vn -0.0000 -1.0000 -0.0000
vn -0.0000 -1.0000 -0.0000
vn -0.0000 1.0000 -0.0000
vn -0.0000 1.0000 -0.0000
vn -0.0000 1.0000 -0.0000
vn -0.0000 -0.0000 -1.0000
vn -0.0000 -0.0000 -1.0000
vn -0.0000 -0.0000 -1.0000
vn -0.0000 -1.0000 -0.0000
vn -0.0000 -1.0000 -0.0000
vn -0.0000 -1.0000 -0.0000
vn -0.0000 -0.0000 1.0000
vn -0.0000 -0.0000 1.0000
vn -0.0000 -0.0000 1.0000
vn -0.0000 1.0000 -0.0000
vn -0.0000 1.0000 -0.0000
vn -0.0000 1.0000 -0.0000
vn -1.0000 -0.0000 -0.0000
vn -1.0000 -0.0000 -0.0000
vn -1.0000 -0.0000 -0.0000
vn 1.0000 -0.0000 -0.0000
vn 1.0000 -0.0000 -0.0000
vn 1.0000 -0.0000 -0.0000
vn -1.0000 -0.0000 -0.0000
vn -1.0000 -0.0000 -0.0000
vn -1.0000 -0.0000 -0.0000
vn -1.0000 -0.0000 -0.0000
vn -1.0000 -0.0000 -0.0000
vn -1.0000 -0.0000 -0.0000
vn -1.0000 -0.0000 -0.0000
vn -1.0000 -0.0000 -0.0000
vn -1.0000 -0.0000 -0.0000
vn 1.0000 -0.0000 -0.0000
vn 1.0000 -0.0000 -0.0000
vn 1.0000 -0.0000 -0.0000
vn -1.0000 -0.0000 -0.0000
vn -1.0000 -0.0000 -0.0000
vn -1.0000 -0.0000 -0.0000
vn -1.0000 -0.0000 -0.0000
vn -1.0000 -0.0000 -0.0000
vn -1.0000 -0.0000 -0.0000
vn -0.0000 0.8944 0.4472
vn -0.0000 0.8944 0.4472
vn -0.0000 0.8944 0.4472
vn 1.0000 -0.0000 -0.0000
vn 1.0000 -0.0000 -0.0000
vn 1.0000 -0.0000 -0.0000
vn -0.0000 -0.0000 -1.0000
vn -0.0000 -0.0000 -1.0000
vn -0.0000 -0.0000 -1.0000
vn -0.0000 -1.0000 -0.0000
vn -0.0000 -1.0000 -0.0000
vn -0.0000 -1.0000 -0.0000
vn -0.0000 1.0000 -0.0000
vn -0.0000 1.0000 -0.0000
vn -0.0000 1.0000 -0.0000
vn -0.0000 1.0000 -0.0000
vn -0.0000 1.0000 -0.0000
vn -0.0000 1.0000 -0.0000
vn -0.8944 -0.0000 0.4472
vn -0.8944 -0.0000 0.4472
vn -0.8944 -0.0000 0.4472
vn 0.8944 -0.0000 0.4472
vn 0.8944 -0.0000 0.4472
vn 0.8944 -0.0000 0.4472
vn -0.0000 -0.8944 0.4472
vn -0.0000 -0.8944 0.4472
vn -0.0000 -0.8944 0.4472
vn -1.0000 -0.0000 -0.0000
vn -1.0000 -0.0000 -0.0000
vn -1.0000 -0.0000 -0.0000
vn 1.0000 -0.0000 -0.0000
vn 1.0000 -0.0000 -0.0000
vn 1.0000 -0.0000 -0.0000
vn -0.0000 -1.0000 -0.0000
vn -0.0000 -1.0000 -0.0000
vn -0.0000 -1.0000 -0.0000
vn -1.0000 -0.0000 -0.0000
vn -1.0000 -0.0000 -0.0000
vn -1.0000 -0.0000 -0.0000
vn -0.0000 0.8944 0.4472
vn -0.0000 0.8944 0.4472
vn -0.0000 0.8944 0.4472
vn 1.0000 -0.0000 -0.0000
vn 1.0000 -0.0000 -0.0000
vn 1.0000 -0.0000 -0.0000
vn -0.0000 -0.0000 -1.0000
vn -0.0000 -0.0000 -1.0000
vn -0.0000 -0.0000 -1.0000
vn -0.0000 -1.0000 -0.0000
vn -0.0000 -1.0000 -0.0000
vn -0.0000 -1.0000 -0.0000
vn -0.0000 1.0000 -0.0000
vn -0.0000 1.0000 -0.0000
vn -0.0000 1.0000 -0.0000
vn -0.0000 1.0000 -0.0000
vn -0.0000 1.0000 -0.0000
vn -0.0000 1.0000 -0.0000
vn -0.8944 -0.0000 0.4472
vn -0.8944 -0.0000 0.4472
vn -0.8944 -0.0000 0.4472
vn 0.8944 -0.0000 0.4472
vn 0.8944 -0.0000 0.4472
vn 0.8944 -0.0000 0.4472
vn -0.0000 -0.8944 0.4472
vn -0.0000 -0.8944 0.4472
vn -0.0000 -0.8944 0.4472
vn -1.0000 -0.0000 -0.0000
vn -1.0000 -0.0000 -0.0000
vn -1.0000 -0.0000 -0.0000
vn 1.0000 -0.0000 -0.0000
vn 1.0000 -0.0000 -0.0000
vn 1.0000 -0.0000 -0.0000
vn -0.0000 -1.0000 -0.0000
vn -0.0000 -1.0000 -0.0000
vn -0.0000 -1.0000 -0.0000
vn -1.0000 -0.0000 -0.0000
vn -1.0000 -0.0000 -0.0000
vn -1.0000 -0.0000 -0.0000
vn -0.0000 0.8944 -0.4472
vn -0.0000 0.8944 -0.4472
vn -0.0000 0.8944 -0.4472
vn 1.0000 -0.0000 -0.0000
vn 1.0000 -0.0000 -0.0000
vn 1.0000 -0.0000 -0.0000
vn -0.0000 -0.0000 1.0000
vn -0.0000 -0.0000 1.0000
vn -0.0000 -0.0000 1.0000
vn -0.0000 -1.0000 -0.0000
vn -0.0000 -1.0000 -0.0000
vn -0.0000 -1.0000 -0.0000
vn -0.0000 1.0000 -0.0000
vn -0.0000 1.0000 -0.0000
vn -0.0000 1.0000 -0.0000
vn -0.0000 1.0000 -0.0000
vn -0.0000 1.0000 -0.0000
vn -0.0000 1.0000 -0.0000
vn -0.8944 -0.0000 -0.4472
vn -0.8944 -0.0000 -0.4472
vn -0.8944 -0.0000 -0.4472
vn 0.8944 -0.0000 -0.4472
vn 0.8944 -0.0000 -0.4472
vn 0.8944 -0.0000 -0.4472
vn -0.0000 -0.8944 -0.4472
vn -0.0000 -0.8944 -0.4472
vn -0.0000 -0.8944 -0.4472
vn -1.0000 -0.0000 -0.0000
vn -1.0000 -0.0000 -0.0000
vn -1.0000 -0.0000 -0.0000
vn 1.0000 -0.0000 -0.0000
vn 1.0000 -0.0000 -0.0000
vn 1.0000 -0.0000 -0.0000
vn -0.0000 -1.0000 -0.0000
vn -0.0000 -1.0000 -0.0000
vn -0.0000 -1.0000 -0.0000
vn -1.0000 -0.0000 -0.0000
vn -1.0000 -0.0000 -0.0000
vn -1.0000 -0.0000 -0.0000
vn -0.0000 0.8944 -0.4472
vn -0.0000 0.8944 -0.4472
vn -0.0000 0.8944 -0.4472
vn 1.0000 -0.0000 -0.0000
vn 1.0000 -0.0000 -0.0000
vn 1.0000 -0.0000 -0.0000
vn -0.0000 -0.0000 1.0000
vn -0.0000 -0.0000 1.0000
vn -0.0000 -0.0000 1.0000
vn -0.0000 -1.0000 -0.0000
vn -0.0000 -1.0000 -0.0000
vn -0.0000 -1.0000 -0.0000
vn -0.0000 1.0000 -0.0000
vn -0.0000 1.0000 -0.0000
vn -0.0000 1.0000 -0.0000
vn -0.0000 1.0000 -0.0000
vn -0.0000 1.0000 -0.0000
vn -0.0000 1.0000 -0.0000
vn -0.8944 -0.0000 -0.4472
vn -0.8944 -0.0000 -0.4472
vn -0.8944 -0.0000 -0.4472
vn 0.8944 -0.0000 -0.4472
vn 0.8944 -0.0000 -0.4472
vn 0.8944 -0.0000 -0.4472
vn -0.0000 -0.8944 -0.4472
vn -0.0000 -0.8944 -0.4472
vn -0.0000 -0.8944 -0.4472
vn -1.0000 -0.0000 -0.0000
vn -1.0000 -0.0000 -0.0000
vn -1.0000 -0.0000 -0.0000
vn 1.0000 -0.0000 -0.0000
vn 1.0000 -0.0000 -0.0000
vn 1.0000 -0.0000 -0.0000
vn -0.0000 -1.0000 -0.0000
vn -0.0000 -1.0000 -0.0000
vn -0.0000 -1.0000 -0.0000
vn -1.0000 -0.0000 -0.0000
vn -1.0000 -0.0000 -0.0000
vn -1.0000 -0.0000 -0.0000
vn 1.0000 -0.0000 -0.0000
vn 1.0000 -0.0000 -0.0000
vn 1.0000 -0.0000 -0.0000
vn -0.0000 -0.0000 1.0000
vn -0.0000 -0.0000 1.0000
vn -0.0000 -0.0000 1.0000
vn -0.0000 -1.0000 -0.0000
vn -0.0000 -1.0000 -0.0000
vn -0.0000 -1.0000 -0.0000
vn -0.0000 1.0000 -0.0000
vn -0.0000 1.0000 -0.0000
vn -0.0000 1.0000 -0.0000
vn -0.0000 0.7071 -0.7071
vn -0.0000 0.7071 -0.7071
vn -0.0000 0.7071 -0.7071
vn -0.0000 -0.7071 0.7071
vn -0.0000 -0.7071 0.7071
vn -0.0000 -0.7071 0.7071
vn -1.0000 -0.0000 -0.0000
vn -1.0000 -0.0000 -0.0000
vn -1.0000 -0.0000 -0.0000
vn 1.0000 -0.0000 -0.0000
vn 1.0000 -0.0000 -0.0000
vn 1.0000 -0.0000 -0.0000
vn -0.0000 0.7071 -0.7071
vn -0.0000 0.7071 -0.7071
vn -0.0000 0.7071 -0.7071
vn -0.0000 -0.7071 0.7071
vn -0.0000 -0.7071 0.7071
vn -0.0000 -0.7071 0.7071
vn -1.0000 -0.0000 -0.0000
vn -1.0000 -0.0000 -0.0000
vn -1.0000 -0.0000 -0.0000
vn 1.0000 -0.0000 -0.0000
vn 1.0000 -0.0000 -0.0000
vn 1.0000 -0.0000 -0.0000
vn -0.0000 0.7071 -0.7071
vn -0.0000 0.7071 -0.7071
vn -0.0000 0.7071 -0.7071
vn -0.0000 -0.7071 0.7071
vn -0.0000 -0.7071 0.7071
vn -0.0000 -0.7071 0.7071
vn -1.0000 -0.0000 -0.0000
vn -1.0000 -0.0000 -0.0000
vn -1.0000 -0.0000 -0.0000
vn 1.0000 -0.0000 -0.0000
vn 1.0000 -0.0000 -0.0000
vn 1.0000 -0.0000 -0.0000
vn -0.0000 0.7071 -0.7071
vn -0.0000 0.7071 -0.7071
vn -0.0000 0.7071 -0.7071
vn -0.0000 -0.7071 0.7071
vn -0.0000 -0.7071 0.7071
vn -0.0000 -0.7071 0.7071
vn -1.0000 -0.0000 -0.0000
vn -1.0000 -0.0000 -0.0000
vn -1.0000 -0.0000 -0.0000
vn 1.0000 -0.0000 -0.0000
vn 1.0000 -0.0000 -0.0000
vn 1.0000 -0.0000 -0.0000
vn -0.0000 0.7071 -0.7071
vn -0.0000 0.7071 -0.7071
vn -0.0000 0.7071 -0.7071
vn -0.0000 -0.7071 0.7071
vn -0.0000 -0.7071 0.7071
vn -0.0000 -0.7071 0.7071
vn -0.0000 -0.7071 -0.7071
vn -0.0000 -0.7071 -0.7071
vn -0.0000 -0.7071 -0.7071
vn -0.0000 0.7071 0.7071
vn -0.0000 0.7071 0.7071
vn -0.0000 0.7071 0.7071
vn -0.0000 0.7071 0.7071
vn -0.0000 0.7071 0.7071
vn -0.0000 0.7071 0.7071
vn -0.0000 -0.7071 -0.7071
vn -0.0000 -0.7071 -0.7071
vn -0.0000 -0.7071 -0.7071
vn -1.0000 -0.0000 -0.0000
vn -1.0000 -0.0000 -0.0000
vn -1.0000 -0.0000 -0.0000
vn 1.0000 -0.0000 -0.0000
vn 1.0000 -0.0000 -0.0000
vn 1.0000 -0.0000 -0.0000
vn -0.0000 0.7071 0.7071
vn -0.0000 0.7071 0.7071
vn -0.0000 0.7071 0.7071
vn -0.0000 -0.7071 -0.7071
vn -0.0000 -0.7071 -0.7071
vn -0.0000 -0.7071 -0.7071
vn -1.0000 -0.0000 -0.0000
vn -1.0000 -0.0000 -0.0000
vn -1.0000 -0.0000 -0.0000
vn 1.0000 -0.0000 -0.0000
vn 1.0000 -0.0000 -0.0000
vn 1.0000 -0.0000 -0.0000
vn -0.0000 0.7071 0.7071
vn -0.0000 0.7071 0.7071
vn -0.0000 0.7071 0.7071
vn -0.0000 -0.7071 -0.7071
vn -0.0000 -0.7071 -0.7071
vn -0.0000 -0.7071 -0.7071
vn -1.0000 -0.0000 -0.0000
vn -1.0000 -0.0000 -0.0000
vn -1.0000 -0.0000 -0.0000
vn 1.0000 -0.0000 -0.0000
vn 1.0000 -0.0000 -0.0000
vn 1.0000 -0.0000 -0.0000
vn -0.0000 0.7071 0.7071
vn -0.0000 0.7071 0.7071
vn -0.0000 0.7071 0.7071
vn -0.0000 -0.7071 -0.7071
vn -0.0000 -0.7071 -0.7071
vn -0.0000 -0.7071 -0.7071
vn -1.0000 -0.0000 -0.0000
vn -1.0000 -0.0000 -0.0000
vn -1.0000 -0.0000 -0.0000
vn 1.0000 -0.0000 -0.0000
vn 1.0000 -0.0000 -0.0000
vn 1.0000 -0.0000 -0.0000
vn -0.0000 0.7071 0.7071
vn -0.0000 0.7071 0.7071
vn -0.0000 0.7071 0.7071
vn -0.0000 -0.7071 -0.7071
vn -0.0000 -0.7071 -0.7071
vn -0.0000 -0.7071 -0.7071
vn -0.0000 -0.7071 0.7071
vn -0.0000 -0.7071 0.7071
vn -0.0000 -0.7071 0.7071
vn -0.0000 0.7071 -0.7071
vn -0.0000 0.7071 -0.7071
vn -0.0000 0.7071 -0.7071
vn 0.7071 -0.0000 -0.7071
vn 0.7071 -0.0000 -0.7071
vn 0.7071 -0.0000 -0.7071
vn -0.7071 -0.0000 0.7071
vn -0.7071 -0.0000 0.7071
vn -0.7071 -0.0000 0.7071
vn -0.0000 -1.0000 -0.0000
vn -0.0000 -1.0000 -0.0000
vn -0.0000 -1.0000 -0.0000
vn -0.0000 1.0000 -0.0000
vn -0.0000 1.0000 -0.0000
vn -0.0000 1.0000 -0.0000
vn 0.7071 -0.0000 -0.7071
vn 0.7071 -0.0000 -0.7071
vn 0.7071 -0.0000 -0.7071
vn -0.7071 -0.0000 0.7071
vn -0.7071 -0.0000 0.7071
vn -0.7071 -0.0000 0.7071
vn -0.0000 -1.0000 -0.0000
vn -0.0000 -1.0000 -0.0000
vn -0.0000 -1.0000 -0.0000
vn -0.0000 1.0000 -0.0000
vn -0.0000 1.0000 -0.0000
vn -0.0000 1.0000 -0.0000
vn 0.7071 -0.0000 -0.7071
vn 0.7071 -0.0000 -0.7071
vn 0.7071 -0.0000 -0.7071
vn -0.7071 -0.0000 0.7071
vn -0.7071 -0.0000 0.7071
vn -0.7071 -0.0000 0.7071
vn -0.0000 -1.0000 -0.0000
vn -0.0000 -1.0000 -0.0000
vn -0.0000 -1.0000 -0.0000
vn -0.0000 1.0000 -0.0000
vn -0.0000 1.0000 -0.0000
vn -0.0000 1.0000 -0.0000
vn 0.7071 -0.0000 0.7071
vn 0.7071 -0.0000 0.7071
vn 0.7071 -0.0000 0.7071
vn -0.7071 -0.0000 -0.7071
vn -0.7071 -0.0000 -0.7071
vn -0.7071 -0.0000 -0.7071
vn -0.0000 -1.0000 -0.0000
vn -0.0000 -1.0000 -0.0000
vn -0.0000 -1.0000 -0.0000
vn -0.0000 1.0000 -0.0000
vn -0.0000 1.0000 -0.0000
vn -0.0000 1.0000 -0.0000
vn 0.7071 -0.0000 0.7071
vn 0.7071 -0.0000 0.7071
vn 0.7071 -0.0000 0.7071
vn -0.7071 -0.0000 -0.7071
vn -0.7071 -0.0000 -0.7071
vn -0.7071 -0.0000 -0.7071
vn -0.0000 -1.0000 -0.0000
vn -0.0000 -1.0000 -0.0000
vn -0.0000 -1.0000 -0.0000
vn -0.0000 1.0000 -0.0000
vn -0.0000 1.0000 -0.0000
vn -0.0000 1.0000 -0.0000
vn 0.7071 -0.0000 0.7071
vn 0.7071 -0.0000 0.7071
vn 0.7071 -0.0000 0.7071
vn -0.7071 -0.0000 -0.7071
vn -0.7071 -0.0000 -0.7071
vn -0.7071 -0.0000 -0.7071
vn -0.0000 -1.0000 -0.0000
vn -0.0000 -1.0000 -0.0000
vn -0.0000 -1.0000 -0.0000
vn -0.0000 1.0000 -0.0000
vn -0.0000 1.0000 -0.0000
vn -0.0000 1.0000 -0.0000
vn -1.0000 -0.0000 -0.0000
vn -1.0000 -0.0000 -0.0000
vn -1.0000 -0.0000 -0.0000
vn 1.0000 -0.0000 -0.0000
vn 1.0000 -0.0000 -0.0000
vn 1.0000 -0.0000 -0.0000
vn -0.0000 -0.7071 0.7071
vn -0.0000 -0.7071 0.7071
vn -0.0000 -0.7071 0.7071
vn -0.0000 0.7071 -0.7071
vn -0.0000 0.7071 -0.7071
vn -0.0000 0.7071 -0.7071
vn 1.0000 -0.0000 -0.0000
vn 1.0000 -0.0000 -0.0000
vn 1.0000 -0.0000 -0.0000
vn -1.0000 -0.0000 -0.0000
vn -1.0000 -0.0000 -0.0000
vn -1.0000 -0.0000 -0.0000
vn -0.0000 -0.7071 0.7071
vn -0.0000 -0.7071 0.7071
vn -0.0000 -0.7071 0.7071
vn -0.0000 0.7071 -0.7071
vn -0.0000 0.7071 -0.7071
vn -0.0000 0.7071 -0.7071
vn -0.0000 -0.7071 -0.7071
vn -0.0000 -0.0000 -1.0000
vn 0.6302 -0.0000 -0.7764
vn -0.0000 -0.7071 -0.7071
vn 0.6302 -0.5490 -0.5490
vn 0.6302 -0.7764 -0.0000
vn -0.0000 -0.7071 0.7071
vn -0.0000 -1.0000 -0.0000
vn 0.6302 -0.7764 -0.0000
vn -0.0000 -0.0000 1.0000
vn -0.0000 -0.7071 0.7071
vn 0.6302 -0.5490 0.5490
vn -0.0000 0.7071 0.7071
vn -0.0000 -0.0000 1.0000
vn 0.6302 -0.0000 0.7764
vn -0.0000 1.0000 -0.0000
vn -0.0000 0.7071 0.7071
vn 0.6302 0.5490 0.5490
vn -0.0000 1.0000 -0.0000
vn 0.6302 0.7764 -0.0000
vn 0.6302 0.5490 -0.5490
vn -0.0000 -0.0000 -1.0000
vn -0.0000 0.7071 -0.7071
vn 0.6302 0.5490 -0.5490
vn -0.0000 -0.0000 -1.0000
vn -0.0000 -0.7071 -0.7071
vn -0.6302 -0.5490 -0.5490
vn -0.0000 -0.7071 -0.7071
vn -0.0000 -1.0000 -0.0000
vn -0.6302 -0.7764 -0.0000
vn -0.6302 -0.7764 -0.0000
vn -0.0000 -1.0000 -0.0000
vn -0.0000 -0.7071 0.7071
vn -0.6302 -0.5490 0.5490
vn -0.0000 -0.7071 0.7071
vn -0.0000 -0.0000 1.0000
vn -0.6302 -0.0000 0.7764
vn -0.0000 -0.0000 1.0000
vn -0.0000 0.7071 0.7071
vn -0.6302 0.5490 0.5490
vn -0.0000 0.7071 0.7071
vn -0.0000 1.0000 -0.0000
vn -0.6302 0.7764 -0.0000
vn -0.0000 1.0000 -0.0000
vn -0.0000 0.7071 -0.7071
vn -0.0000 0.7071 -0.7071
vn -0.0000 -0.0000 -1.0000
vn -0.6302 -0.0000 -0.7764
vn -0.0000 -0.7071 -0.7071
vn 0.6302 -0.0000 -0.7764
vn 0.6302 -0.5490 -0.5490
vn -0.0000 -0.7071 -0.7071
vn 0.6302 -0.7764 -0.0000
vn -0.0000 -1.0000 -0.0000
vn -0.0000 -0.7071 0.7071
vn 0.6302 -0.7764 -0.0000
vn 0.6302 -0.5490 0.5490
vn -0.0000 -0.0000 1.0000
vn 0.6302 -0.5490 0.5490
vn 0.6302 -0.0000 0.7764
vn -0.0000 0.7071 0.7071
vn 0.6302 -0.0000 0.7764
vn 0.6302 0.5490 0.5490
vn -0.0000 1.0000 -0.0000
vn 0.6302 0.5490 0.5490
vn 0.6302 0.7764 -0.0000
vn -0.0000 1.0000 -0.0000
vn 0.6302 0.5490 -0.5490
vn -0.0000 0.7071 -0.7071
vn -0.0000 -0.0000 -1.0000
vn 0.6302 0.5490 -0.5490
vn 0.6302 -0.0000 -0.7764
vn -0.0000 -0.0000 -1.0000
vn -0.6302 -0.5490 -0.5490
vn -0.6302 -0.0000 -0.7764
vn -0.0000 -0.7071 -0.7071
vn -0.6302 -0.7764 -0.0000
vn -0.6302 -0.5490 -0.5490
vn -0.6302 -0.7764 -0.0000
vn -0.0000 -0.7071 0.7071
vn -0.6302 -0.5490 0.5490
vn -0.6302 -0.5490 0.5490
vn -0.0000 -0.0000 1.0000
vn -0.6302 -0.0000 0.7764
vn -0.6302 -0.0000 0.7764
vn -0.0000 0.7071 0.7071
vn -0.6302 0.5490 0.5490
vn -0.6302 0.5490 0.5490
vn -0.0000 1.0000 -0.0000
vn -0.6302 0.7764 -0.0000
vn -0.6302 0.7764 -0.0000
vn -0.0000 0.7071 -0.7071
vn -0.6302 0.5490 -0.5490
vn -0.0000 0.7071 -0.7071
vn -0.6302 -0.0000 -0.7764
vn -0.6302 0.5490 -0.5490
vn -1.0000 -0.0000 -0.0000
vn -1.0000 -0.0000 -0.0000
vn -1.0000 -0.0000 -0.0000
vt 0.3636 0.4318 0.0000
vt 0.5455 0.4318 0.0000
vt 0.3750 0.4318 0.0000
vt 0.3636 0.5227 0.0000
vt 0.5455 0.5227 0.0000
vt 0.3750 0.5227 0.0000
vt 0.4659 0.4318 0.0000
vt 0.4545 0.4318 0.0000
vt 0.4659 0.5227 0.0000
vt 0.4545 0.5227 0.0000
vt 0.3636 0.4318 0.0000
vt 0.5455 0.4318 0.0000
vt 0.3750 0.4318 0.0000
vt 0.5455 0.5227 0.0000
vt 0.3636 0.5227 0.0000
vt 0.3750 0.5227 0.0000
vt 0.4659 0.4318 0.0000
vt 0.4545 0.4318 0.0000
vt 0.4659 0.5227 0.0000
vt 0.4545 0.5227 0.0000
vt 0.3636 0.4318 0.0000
vt 0.3636 0.3864 0.0000
vt 0.3636 0.4205 0.0000
vt 0.4545 0.3864 0.0000
vt 0.4545 0.4318 0.0000
vt 0.4545 0.4205 0.0000
vt 0.3636 0.3977 0.0000
vt 0.3636 0.4091 0.0000
vt 0.4545 0.3977 0.0000
vt 0.4545 0.4091 0.0000
vt 0.3636 0.4318 0.0000
vt 0.3636 0.3864 0.0000
vt 0.3636 0.4205 0.0000
vt 0.4545 0.3864 0.0000
vt 0.4545 0.4318 0.0000
vt 0.4545 0.4205 0.0000
vt 0.3636 0.3977 0.0000
vt 0.3636 0.4091 0.0000
vt 0.4545 0.3977 0.0000
vt 0.4545 0.4091 0.0000
vt 0.3636 0.4318 0.0000
vt 0.3636 0.3864 0.0000
vt 0.3636 0.4205 0.0000
vt 0.4545 0.3864 0.0000
vt 0.4545 0.4318 0.0000
vt 0.4545 0.4205 0.0000
vt 0.3636 0.3977 0.0000
vt 0.3636 0.4091 0.0000
vt 0.4545 0.3977 0.0000
vt 0.4545 0.4091 0.0000
vt 0.3636 0.4318 0.0000
vt 0.3636 0.3864 0.0000
vt 0.3636 0.4205 0.0000
vt 0.4545 0.3864 0.0000
vt 0.4545 0.4318 0.0000
vt 0.4545 0.4205 0.0000
vt 0.3636 0.3977 0.0000
vt 0.3636 0.4091 0.0000
vt 0.4545 0.3977 0.0000
vt 0.4545 0.4091 0.0000
vt 0.3636 0.4318 0.0000
vt 0.3636 0.3864 0.0000
vt 0.3636 0.4205 0.0000
vt 0.4545 0.3864 0.0000
vt 0.4545 0.4318 0.0000
vt 0.4545 0.4205 0.0000
vt 0.3636 0.3977 0.0000
vt 0.3636 0.4091 0.0000
vt 0.4545 0.3977 0.0000
vt 0.4545 0.4091 0.0000
vt 0.3636 0.4318 0.0000
vt 0.3636 0.3864 0.0000
vt 0.3636 0.4205 0.0000
vt 0.4545 0.3864 0.0000
vt 0.4545 0.4318 0.0000
vt 0.4545 0.4205 0.0000
vt 0.3636 0.3977 0.0000
vt 0.3636 0.4091 0.0000
vt 0.4545 0.3977 0.0000
vt 0.4545 0.4091 0.0000
vt 0.6364 1.0000 0.0000
vt 0.5455 1.0000 0.0000
vt 0.5455 0.7273 0.0000
vt 0.6364 0.8182 0.0000
vt 0.5455 0.8182 0.0000
vt 0.8182 1.0000 0.0000
vt 0.9091 1.0000 0.0000
vt 0.3636 1.0000 0.0000
vt 0.3636 0.7273 0.0000
vt 0.8182 0.8182 0.0000
vt 0.3636 0.8182 0.0000
vt 0.9091 0.8182 0.0000
vt 0.1818 0.0795 0.0000
vt 0.2500 0.0795 0.0000
vt 0.1818 0.0455 0.0000
vt 0.1818 0.0909 0.0000
vt 0.2500 0.0909 0.0000
vt 0.2500 0.0455 0.0000
vt 0.1818 0.0682 0.0000
vt 0.2500 0.0682 0.0000
vt 0.1818 0.0568 0.0000
vt 0.2500 0.0568 0.0000
vt 0.1818 0.0795 0.0000
vt 0.2500 0.0795 0.0000
vt 0.1818 0.0455 0.0000
vt 0.1818 0.0909 0.0000
vt 0.2500 0.0909 0.0000
vt 0.2500 0.0455 0.0000
vt 0.1818 0.0682 0.0000
vt 0.2500 0.0682 0.0000
vt 0.1818 0.0568 0.0000
vt 0.2500 0.0568 0.0000
vt 0.1818 0.0795 0.0000
vt 0.2500 0.0795 0.0000
vt 0.1818 0.0455 0.0000
vt 0.1818 0.0909 0.0000
vt 0.2500 0.0909 0.0000
vt 0.2500 0.0455 0.0000
vt 0.1818 0.0682 0.0000
vt 0.2500 0.0682 0.0000
vt 0.1818 0.0568 0.0000
vt 0.2500 0.0568 0.0000
vt 0.1818 0.0795 0.0000
vt 0.2500 0.0795 0.0000
vt 0.1818 0.0455 0.0000
vt 0.1818 0.0909 0.0000
vt 0.2500 0.0909 0.0000
vt 0.2500 0.0455 0.0000
vt 0.1818 0.0682 0.0000
vt 0.2500 0.0682 0.0000
vt 0.1818 0.0568 0.0000
vt 0.2500 0.0568 0.0000
vt 0.1818 0.0795 0.0000
vt 0.2500 0.0795 0.0000
vt 0.1818 0.0455 0.0000
vt 0.1818 0.0909 0.0000
vt 0.2500 0.0909 0.0000
vt 0.2500 0.0455 0.0000
vt 0.1818 0.0682 0.0000
vt 0.2500 0.0682 0.0000
vt 0.1818 0.0568 0.0000
vt 0.2500 0.0568 0.0000
vt 0.1818 0.0795 0.0000
vt 0.2500 0.0795 0.0000
vt 0.1818 0.0455 0.0000
vt 0.1818 0.0909 0.0000
vt 0.2500 0.0909 0.0000
vt 0.2500 0.0455 0.0000
vt 0.1818 0.0682 0.0000
vt 0.2500 0.0682 0.0000
vt 0.1818 0.0568 0.0000
vt 0.2500 0.0568 0.0000
vt 0.1818 0.0795 0.0000
vt 0.2500 0.0795 0.0000
vt 0.1818 0.0455 0.0000
vt 0.1818 0.0909 0.0000
vt 0.2500 0.0909 0.0000
vt 0.2500 0.0455 0.0000
vt 0.1818 0.0682 0.0000
vt 0.2500 0.0682 0.0000
vt 0.1818 0.0568 0.0000
vt 0.2500 0.0568 0.0000
vt 0.1818 0.0795 0.0000
vt 0.2500 0.0795 0.0000
vt 0.1818 0.0455 0.0000
vt 0.1818 0.0909 0.0000
vt 0.2500 0.0909 0.0000
vt 0.2500 0.0455 0.0000
vt 0.1818 0.0682 0.0000
vt 0.2500 0.0682 0.0000
vt 0.1818 0.0568 0.0000
vt 0.2500 0.0568 0.0000
vt 0.1932 0.0227 0.0000
vt 0.1932 0.0114 0.0000
vt 0.1932 0.0341 0.0000
vt 0.1932 0.0455 0.0000
vt 0.1932 -0.0000 0.0000
vt 0.1818 0.0227 0.0000
vt 0.1818 0.0114 0.0000
vt 0.1818 0.0341 0.0000
vt 0.1818 -0.0000 0.0000
vt 0.1818 0.0455 0.0000
vt 0.2386 0.0341 0.0000
vt 0.2386 0.0227 0.0000
vt 0.2386 0.0114 0.0000
vt 0.2386 0.0455 0.0000
vt 0.2386 -0.0000 0.0000
vt 0.4886 0.0341 0.0000
vt 0.4886 0.0227 0.0000
vt 0.4886 0.0114 0.0000
vt 0.4886 -0.0000 0.0000
vt 0.4886 0.0455 0.0000
vt 0.9886 1.0000 0.0000
vt 0.5568 0.0341 0.0000
vt 0.5568 0.0227 0.0000
vt 0.9773 1.0000 0.0000
vt 0.5568 0.0114 0.0000
vt 0.9659 1.0000 0.0000
vt 1.0000 1.0000 0.0000
vt 0.5568 -0.0000 0.0000
vt 0.5568 0.0455 0.0000
vt 0.9545 1.0000 0.0000
vt 0.9886 0.0909 0.0000
vt 0.5568 0.0341 0.0000
vt 0.9773 0.0909 0.0000
vt 0.5568 0.0227 0.0000
vt 0.9659 0.0909 0.0000
vt 0.5568 0.0114 0.0000
vt 0.5568 0.0455 0.0000
vt 1.0000 0.0909 0.0000
vt 0.5568 0.0000 0.0000
vt 0.9545 0.0909 0.0000
vt 0.4886 0.0341 0.0000
vt 0.4886 0.0227 0.0000
vt 0.4886 0.0114 0.0000
vt 0.4886 0.0000 0.0000
vt 0.4886 0.0455 0.0000
vt 0.2386 0.0341 0.0000
vt 0.2386 0.0227 0.0000
vt 0.2386 0.0114 0.0000
vt 0.2386 0.0455 0.0000
vt 0.2386 0.0000 0.0000
vt 0.1932 0.0341 0.0000
vt 0.1932 0.0227 0.0000
vt 0.1932 0.0114 0.0000
vt 0.1932 0.0455 0.0000
vt 0.1932 0.0000 0.0000
vt 0.1818 0.0341 0.0000
vt 0.1818 0.0227 0.0000
vt 0.1818 0.0114 0.0000
vt 0.1818 0.0000 0.0000
vt 0.1818 0.0455 0.0000
vt 0.6136 0.5909 0.0000
vt 0.6363 0.2673 0.0000
vt 0.6364 0.5909 0.0000
vt 0.6136 0.6364 0.0000
vt 0.6214 0.2313 0.0000
vt 0.6364 0.6364 0.0000
vt 0.6136 0.3182 0.0000
vt 0.6136 0.6818 0.0000
vt 0.5854 0.2164 0.0000
vt 0.6364 0.6818 0.0000
vt 0.6364 0.3182 0.0000
vt 0.6136 0.3636 0.0000
vt 0.5495 0.2313 0.0000
vt 0.6364 0.3636 0.0000
vt 0.6136 0.4091 0.0000
vt 0.5346 0.2673 0.0000
vt 0.6364 0.4091 0.0000
vt 0.6136 0.4545 0.0000
vt 0.5495 0.3032 0.0000
vt 0.6364 0.4545 0.0000
vt 0.6136 0.5000 0.0000
vt 0.5854 0.3182 0.0000
vt 0.6364 0.5000 0.0000
vt 0.6136 0.5455 0.0000
vt 0.6214 0.3032 0.0000
vt 0.6364 0.5455 0.0000
vt 0.7500 0.7386 0.0000
vt 0.7045 0.7386 0.0000
vt 0.7386 0.7386 0.0000
vt 0.7045 0.5795 0.0000
vt 0.7500 0.5795 0.0000
vt 0.7386 0.5795 0.0000
vt 0.7159 0.7386 0.0000
vt 0.7273 0.7386 0.0000
vt 0.7159 0.5795 0.0000
vt 0.7273 0.5795 0.0000
vt 0.7500 0.7386 0.0000
vt 0.7045 0.7386 0.0000
vt 0.7386 0.7386 0.0000
vt 0.7045 0.5795 0.0000
vt 0.7500 0.5795 0.0000
vt 0.7386 0.5795 0.0000
vt 0.7159 0.7386 0.0000
vt 0.7273 0.7386 0.0000
vt 0.7159 0.5795 0.0000
vt 0.7273 0.5795 0.0000
vt 0.7500 0.7386 0.0000
vt 0.7045 0.7386 0.0000
vt 0.7386 0.7386 0.0000
vt 0.7045 0.5795 0.0000
vt 0.7500 0.5795 0.0000
vt 0.7386 0.5795 0.0000
vt 0.7159 0.7386 0.0000
vt 0.7273 0.7386 0.0000
vt 0.7159 0.5795 0.0000
vt 0.7273 0.5795 0.0000
vt 0.7500 0.7386 0.0000
vt 0.7045 0.7386 0.0000
vt 0.7386 0.7386 0.0000
vt 0.7045 0.5795 0.0000
vt 0.7500 0.5795 0.0000
vt 0.7386 0.5795 0.0000
vt 0.7159 0.7386 0.0000
vt 0.7273 0.7386 0.0000
vt 0.7159 0.5795 0.0000
vt 0.7273 0.5795 0.0000
vt 0.7500 0.7386 0.0000
vt 0.7045 0.7386 0.0000
vt 0.7386 0.7386 0.0000
vt 0.7045 0.5795 0.0000
vt 0.7500 0.5795 0.0000
vt 0.7386 0.5795 0.0000
vt 0.7159 0.7386 0.0000
vt 0.7273 0.7386 0.0000
vt 0.7159 0.5795 0.0000
vt 0.7273 0.5795 0.0000
vt 0.7500 0.7386 0.0000
vt 0.7045 0.7386 0.0000
vt 0.7386 0.7386 0.0000
vt 0.7045 0.5795 0.0000
vt 0.7500 0.5795 0.0000
vt 0.7386 0.5795 0.0000
vt 0.7159 0.7386 0.0000
vt 0.7273 0.7386 0.0000
vt 0.7159 0.5795 0.0000
vt 0.7273 0.5795 0.0000
vt 0.7045 0.1932 0.0000
vt 0.6364 0.1932 0.0000
vt 0.7045 0.7386 0.0000
vt 0.6364 0.7386 0.0000
vt 0.6364 0.1818 0.0000
vt 0.6932 0.1932 0.0000
vt 0.6932 0.7386 0.0000
vt 0.6364 0.7500 0.0000
vt 0.6591 0.1932 0.0000
vt 0.6591 0.7386 0.0000
vt 0.6705 0.1932 0.0000
vt 0.6591 0.1818 0.0000
vt 0.6591 0.7500 0.0000
vt 0.6705 0.7386 0.0000
vt 0.7045 0.1932 0.0000
vt 0.6364 0.1932 0.0000
vt 0.7045 0.7386 0.0000
vt 0.6364 0.7386 0.0000
vt 0.6364 0.1818 0.0000
vt 0.6932 0.1932 0.0000
vt 0.6932 0.7386 0.0000
vt 0.6364 0.7500 0.0000
vt 0.6591 0.1932 0.0000
vt 0.6591 0.7386 0.0000
vt 0.6705 0.1932 0.0000
vt 0.6591 0.1818 0.0000
vt 0.6591 0.7500 0.0000
vt 0.6705 0.7386 0.0000
vt 0.2273 0.3636 0.0000
vt 0.1818 0.3636 0.0000
vt 0.3182 0.3636 0.0000
vt 0.2500 0.3636 0.0000
vt 0.2955 0.3636 0.0000
vt 0.2273 0.0909 0.0000
vt 0.1818 0.0909 0.0000
vt 0.3182 0.0909 0.0000
vt 0.2500 0.0909 0.0000
vt 0.2955 0.0909 0.0000
vt 0.2273 0.0909 0.0000
vt 0.1818 0.0909 0.0000
vt 0.3182 0.0909 0.0000
vt 0.2500 0.0909 0.0000
vt 0.2955 0.0909 0.0000
vt 0.2273 0.3636 0.0000
vt 0.1818 0.3636 0.0000
vt 0.3182 0.3636 0.0000
vt 0.2500 0.3636 0.0000
vt 0.2955 0.3636 0.0000
vt 0.2273 0.0909 0.0000
vt 0.1818 0.0909 0.0000
vt 0.3182 0.0909 0.0000
vt 0.2500 0.0909 0.0000
vt 0.2955 0.0909 0.0000
vt 0.2273 0.3636 0.0000
vt 0.1818 0.3636 0.0000
vt 0.3182 0.3636 0.0000
vt 0.2500 0.3636 0.0000
vt 0.2955 0.3636 0.0000
vt 0.2273 0.3636 0.0000
vt 0.1818 0.3636 0.0000
vt 0.3182 0.3636 0.0000
vt 0.2500 0.3636 0.0000
vt 0.2955 0.3636 0.0000
vt 0.2273 0.0909 0.0000
vt 0.1818 0.0909 0.0000
vt 0.3182 0.0909 0.0000
vt 0.2500 0.0909 0.0000
vt 0.2955 0.0909 0.0000
vt 0.2273 0.0909 0.0000
vt 0.1818 0.0909 0.0000
vt 0.3182 0.0909 0.0000
vt 0.2500 0.0909 0.0000
vt 0.2955 0.0909 0.0000
vt 0.2273 0.3636 0.0000
vt 0.1818 0.3636 0.0000
vt 0.3182 0.3636 0.0000
vt 0.2500 0.3636 0.0000
vt 0.2955 0.3636 0.0000
vt 0.2273 0.3636 0.0000
vt 0.1818 0.3636 0.0000
vt 0.3182 0.3636 0.0000
vt 0.2500 0.3636 0.0000
vt 0.2955 0.3636 0.0000
vt 0.2273 0.0909 0.0000
vt 0.1818 0.0909 0.0000
vt 0.3182 0.0909 0.0000
vt 0.2500 0.0909 0.0000
vt 0.2955 0.0909 0.0000
vt 0.2273 0.3636 0.0000
vt 0.1818 0.3636 0.0000
vt 0.3182 0.3636 0.0000
vt 0.2500 0.3636 0.0000
vt 0.2955 0.3636 0.0000
vt 0.2273 0.0909 0.0000
vt 0.1818 0.0909 0.0000
vt 0.3182 0.0909 0.0000
vt 0.2500 0.0909 0.0000
vt 0.2955 0.0909 0.0000
vt 0.2273 0.0909 0.0000
vt 0.1818 0.0909 0.0000
vt 0.3182 0.0909 0.0000
vt 0.2500 0.0909 0.0000
vt 0.2955 0.0909 0.0000
vt 0.2273 0.3636 0.0000
vt 0.1818 0.3636 0.0000
vt 0.3182 0.3636 0.0000
vt 0.2500 0.3636 0.0000
vt 0.2955 0.3636 0.0000
vt 0.2727 0.3636 0.0000
vt 0.2727 0.7273 0.0000
vt 0.2273 0.3636 0.0000
vt 0.2273 0.7273 0.0000
vt 0.3182 0.3636 0.0000
vt 0.3182 0.7273 0.0000
vt 0.3636 0.3636 0.0000
vt 0.1818 0.3636 0.0000
vt 0.1818 0.7273 0.0000
vt 0.3636 0.7273 0.0000
vt 0.3182 0.3636 0.0000
vt 0.3182 0.7273 0.0000
vt 0.2727 0.3636 0.0000
vt 0.2727 0.7273 0.0000
vt 0.3636 0.3636 0.0000
vt 0.1818 0.3636 0.0000
vt 0.1818 0.7273 0.0000
vt 0.3636 0.7273 0.0000
vt 0.2273 0.3636 0.0000
vt 0.2273 0.7273 0.0000
vt 0.2273 0.3636 0.0000
vt 0.2273 0.7273 0.0000
vt 0.3636 0.3636 0.0000
vt 0.1818 0.3636 0.0000
vt 0.1818 0.7273 0.0000
vt 0.3636 0.7273 0.0000
vt 0.2727 0.3636 0.0000
vt 0.2727 0.7273 0.0000
vt 0.3182 0.3636 0.0000
vt 0.3182 0.7273 0.0000
vt 0.3636 0.3636 0.0000
vt 0.1818 0.3636 0.0000
vt 0.3636 0.7273 0.0000
vt 0.1818 0.7273 0.0000
vt 0.3182 0.3636 0.0000
vt 0.3182 0.7273 0.0000
vt 0.2273 0.3636 0.0000
vt 0.2273 0.7273 0.0000
vt 0.2727 0.3636 0.0000
vt 0.2727 0.7273 0.0000
vt 0.2727 0.3636 0.0000
vt 0.3182 0.3636 0.0000
vt 0.2727 0.7273 0.0000
vt 0.3182 0.7273 0.0000
vt 0.2273 0.3636 0.0000
vt 0.1818 0.3636 0.0000
vt 0.3636 0.3636 0.0000
vt 0.2273 0.7273 0.0000
vt 0.3636 0.7273 0.0000
vt 0.1818 0.7273 0.0000
vt 0.2273 0.3636 0.0000
vt 0.2727 0.3636 0.0000
vt 0.2273 0.7273 0.0000
vt 0.2727 0.7273 0.0000
vt 0.3636 0.3636 0.0000
vt 0.1818 0.3636 0.0000
vt 0.3182 0.3636 0.0000
vt 0.3636 0.7273 0.0000
vt 0.1818 0.7273 0.0000
vt 0.3182 0.7273 0.0000
vt 0.3182 0.3636 0.0000
vt 0.3636 0.3636 0.0000
vt 0.1818 0.3636 0.0000
vt 0.3182 0.7273 0.0000
vt 0.3636 0.7273 0.0000
vt 0.1818 0.7273 0.0000
vt 0.2727 0.3636 0.0000
vt 0.2273 0.3636 0.0000
vt 0.2727 0.7273 0.0000
vt 0.2273 0.7273 0.0000
vt 0.1818 0.3636 0.0000
vt 0.3636 0.3636 0.0000
vt 0.2273 0.3636 0.0000
vt 0.3636 0.7273 0.0000
vt 0.1818 0.7273 0.0000
vt 0.2273 0.7273 0.0000
vt 0.3182 0.3636 0.0000
vt 0.2727 0.3636 0.0000
vt 0.3182 0.7273 0.0000
vt 0.2727 0.7273 0.0000
vt 0.1364 0.7273 0.0000
vt 0.1818 0.7273 0.0000
vt 0.0000 0.7273 0.0000
vt 0.0909 0.7273 0.0000
vt 0.0455 0.7273 0.0000
vt 0.1364 -0.0000 0.0000
vt 0.1818 -0.0000 0.0000
vt 0.0000 -0.0000 0.0000
vt 0.0909 -0.0000 0.0000
vt 0.0455 -0.0000 0.0000
vt 0.0000 0.7273 0.0000
vt 0.1818 0.7273 0.0000
vt 0.0455 0.7273 0.0000
vt 0.1364 0.7273 0.0000
vt 0.0909 0.7273 0.0000
vt 0.0000 -0.0000 0.0000
vt 0.1818 -0.0000 0.0000
vt 0.0455 -0.0000 0.0000
vt 0.1364 -0.0000 0.0000
vt 0.0909 -0.0000 0.0000
vt 0.0909 0.7273 0.0000
vt 0.1364 0.7273 0.0000
vt 0.0455 0.7273 0.0000
vt 0.0000 0.7273 0.0000
vt 0.1818 0.7273 0.0000
vt 0.0909 -0.0000 0.0000
vt 0.1364 -0.0000 0.0000
vt 0.0455 -0.0000 0.0000
vt 0.1818 -0.0000 0.0000
vt 0.0000 -0.0000 0.0000
vt 0.0455 0.7273 0.0000
vt 0.0909 0.7273 0.0000
vt 0.1818 0.7273 0.0000
vt 0.0000 0.7273 0.0000
vt 0.1364 0.7273 0.0000
vt 0.0455 -0.0000 0.0000
vt 0.0909 -0.0000 0.0000
vt 0.1818 -0.0000 0.0000
vt 0.0000 -0.0000 0.0000
vt 0.1364 -0.0000 0.0000
vt 0.1818 0.9091 0.0000
vt 0.1818 1.0000 0.0000
vt 0.2727 0.9091 0.0000
vt 0.1818 0.8182 0.0000
vt 0.2727 0.8182 0.0000
vt 0.0909 0.9091 0.0000
vt -0.0000 0.9091 0.0000
vt 0.0909 1.0000 0.0000
vt 0.3636 0.9091 0.0000
vt 0.1818 0.7273 0.0000
vt 0.0909 0.8182 0.0000
vt 0.3636 0.8182 0.0000
vt 0.2727 0.7273 0.0000
vt -0.0000 0.8182 0.0000
vt 0.2727 0.9091 0.0000
vt 0.1818 0.9091 0.0000
vt 0.2727 0.8182 0.0000
vt 0.1818 1.0000 0.0000
vt 0.2727 0.9091 0.0000
vt 0.1818 0.8182 0.0000
vt 0.1818 0.9091 0.0000
vt 0.1818 0.8182 0.0000
vt 0.2727 0.8182 0.0000
vt 0.0909 0.9091 0.0000
vt -0.0000 0.9091 0.0000
vt 0.0909 1.0000 0.0000
vt 0.3636 0.9091 0.0000
vt 0.1818 0.7273 0.0000
vt 0.0909 0.8182 0.0000
vt 0.3636 0.8182 0.0000
vt 0.2727 0.7273 0.0000
vt -0.0000 0.8182 0.0000
vt 0.1818 0.9091 0.0000
vt 0.1818 1.0000 0.0000
vt 0.2727 0.9091 0.0000
vt 0.1818 0.8182 0.0000
vt 0.2727 0.8182 0.0000
vt 0.0909 0.9091 0.0000
vt -0.0000 0.9091 0.0000
vt 0.0909 1.0000 0.0000
vt 0.3636 0.9091 0.0000
vt 0.1818 0.7273 0.0000
vt 0.0909 0.8182 0.0000
vt 0.3636 0.8182 0.0000
vt 0.2727 0.7273 0.0000
vt -0.0000 0.8182 0.0000
vt 0.2727 0.9091 0.0000
vt 0.1818 0.9091 0.0000
vt 0.2727 0.8182 0.0000
vt 0.1818 1.0000 0.0000
vt 0.2727 0.9091 0.0000
vt 0.1818 0.8182 0.0000
vt 0.1818 0.9091 0.0000
vt 0.1818 0.8182 0.0000
vt 0.2727 0.8182 0.0000
vt 0.0909 0.9091 0.0000
vt -0.0000 0.9091 0.0000
vt 0.0909 1.0000 0.0000
vt 0.3636 0.9091 0.0000
vt 0.1818 0.7273 0.0000
vt 0.0909 0.8182 0.0000
vt 0.3636 0.8182 0.0000
vt 0.2727 0.7273 0.0000
vt -0.0000 0.8182 0.0000
vt 0.1818 0.9091 0.0000
vt 0.1818 1.0000 0.0000
vt 0.2727 0.9091 0.0000
vt 0.1818 0.8182 0.0000
vt 0.2727 0.8182 0.0000
vt 0.0909 0.9091 0.0000
vt -0.0000 0.9091 0.0000
vt 0.0909 1.0000 0.0000
vt 0.3636 0.9091 0.0000
vt 0.1818 0.7273 0.0000
vt 0.0909 0.8182 0.0000
vt 0.2727 0.7273 0.0000
vt -0.0000 0.8182 0.0000
vt 0.3636 0.8182 0.0000
vt 0.2727 0.9091 0.0000
vt 0.1818 0.9091 0.0000
vt 0.2727 0.8182 0.0000
vt 0.1818 1.0000 0.0000
vt 0.2727 0.9091 0.0000
vt 0.1818 0.9091 0.0000
vt 0.1818 0.8182 0.0000
vt 0.1818 0.8182 0.0000
vt 0.2727 0.8182 0.0000
vt 0.0909 0.9091 0.0000
vt -0.0000 0.9091 0.0000
vt 0.0909 1.0000 0.0000
vt 0.3636 0.9091 0.0000
vt 0.1818 0.7273 0.0000
vt 0.0909 0.8182 0.0000
vt 0.3636 0.8182 0.0000
vt 0.2727 0.7273 0.0000
vt -0.0000 0.8182 0.0000
vt 0.1818 0.9091 0.0000
vt 0.1818 1.0000 0.0000
vt 0.2727 0.9091 0.0000
vt 0.1818 0.8182 0.0000
vt 0.2727 0.8182 0.0000
vt 0.0909 0.9091 0.0000
vt -0.0000 0.9091 0.0000
vt 0.0909 1.0000 0.0000
vt 0.3636 0.9091 0.0000
vt 0.0909 0.8182 0.0000
vt 0.1818 0.7273 0.0000
vt 0.3636 0.8182 0.0000
vt 0.2727 0.7273 0.0000
vt -0.0000 0.8182 0.0000
vt 0.2727 0.9091 0.0000
vt 0.1818 0.9091 0.0000
vt 0.2727 0.8182 0.0000
vt 0.1818 1.0000 0.0000
vt 0.2727 0.9091 0.0000
vt 0.1818 0.8182 0.0000
vt 0.1818 0.9091 0.0000
vt 0.1818 0.8182 0.0000
vt 0.2727 0.8182 0.0000
vt 0.0909 0.9091 0.0000
vt 0.0909 1.0000 0.0000
vt -0.0000 0.9091 0.0000
vt 0.3636 0.9091 0.0000
vt 0.1818 0.7273 0.0000
vt 0.0909 0.8182 0.0000
vt 0.3636 0.8182 0.0000
vt 0.2727 0.7273 0.0000
vt -0.0000 0.8182 0.0000
vt 0.6136 0.5909 0.0000
vt 0.5854 0.3183 0.0000
vt 0.6364 0.5909 0.0000
vt 0.6136 0.6364 0.0000
vt 0.6214 0.3033 0.0000
vt 0.6364 0.6364 0.0000
vt 0.6136 0.6818 0.0000
vt 0.6136 0.3182 0.0000
vt 0.6364 0.6818 0.0000
vt 0.6364 0.3182 0.0000
vt 0.6364 0.2673 0.0000
vt 0.6136 0.3636 0.0000
vt 0.6364 0.3636 0.0000
vt 0.6214 0.2312 0.0000
vt 0.6136 0.4091 0.0000
vt 0.6364 0.4091 0.0000
vt 0.5854 0.2163 0.0000
vt 0.6136 0.4545 0.0000
vt 0.5493 0.2312 0.0000
vt 0.6364 0.4545 0.0000
vt 0.6136 0.5000 0.0000
vt 0.5344 0.2673 0.0000
vt 0.6364 0.5000 0.0000
vt 0.6136 0.5455 0.0000
vt 0.5493 0.3033 0.0000
vt 0.6364 0.5455 0.0000
vt 0.3636 0.5227 0.0000
vt 0.5682 0.7273 0.0000
vt 0.3636 0.5909 0.0000
vt 0.5000 0.7273 0.0000
vt 0.5682 0.6932 0.0000
vt 0.5000 0.6932 0.0000
vt 0.4318 0.5227 0.0000
vt 0.3636 0.7273 0.0000
vt 0.6364 0.7273 0.0000
vt 0.4318 0.5909 0.0000
vt 0.4318 0.7273 0.0000
vt 0.6364 0.6932 0.0000
vt 0.3636 0.6932 0.0000
vt 0.4318 0.6932 0.0000
vt 0.4943 0.6818 0.0000
vt 0.5057 0.6818 0.0000
vt 0.4773 0.6818 0.0000
vt 0.5625 0.6818 0.0000
vt 0.5739 0.6818 0.0000
vt 0.5341 0.6818 0.0000
vt 0.5909 0.6818 0.0000
vt 0.3693 0.6818 0.0000
vt 0.6307 0.6818 0.0000
vt 0.3636 0.6818 0.0000
vt 0.4375 0.6818 0.0000
vt 0.4205 0.6818 0.0000
vt 0.4261 0.6818 0.0000
vt 0.4773 0.5909 0.0000
vt 0.5341 0.5909 0.0000
vt 0.3636 0.5909 0.0000
vt 0.5909 0.5909 0.0000
vt 0.4205 0.5909 0.0000
vt 0.6364 0.7273 0.0000
vt 0.3636 0.5227 0.0000
vt 0.3636 0.7273 0.0000
vt 0.3636 0.5909 0.0000
vt 0.5682 0.7273 0.0000
vt 0.6364 0.6932 0.0000
vt 0.3636 0.6932 0.0000
vt 0.5682 0.6932 0.0000
vt 0.4318 0.5227 0.0000
vt 0.4318 0.7273 0.0000
vt 0.4318 0.5909 0.0000
vt 0.5000 0.7273 0.0000
vt 0.4318 0.6932 0.0000
vt 0.5000 0.6932 0.0000
vt 0.5625 0.6818 0.0000
vt 0.5739 0.6818 0.0000
vt 0.5341 0.6818 0.0000
vt 0.5909 0.6818 0.0000
vt 0.6307 0.6818 0.0000
vt 0.3693 0.6818 0.0000
vt 0.3636 0.6818 0.0000
vt 0.4375 0.6818 0.0000
vt 0.4261 0.6818 0.0000
vt 0.4205 0.6818 0.0000
vt 0.5057 0.6818 0.0000
vt 0.4773 0.6818 0.0000
vt 0.4943 0.6818 0.0000
vt 0.5341 0.5909 0.0000
vt 0.5909 0.5909 0.0000
vt 0.3636 0.5909 0.0000
vt 0.4205 0.5909 0.0000
vt 0.4773 0.5909 0.0000
vt 0.3636 0.5909 0.0000
vt 0.4318 0.7273 0.0000
vt 0.3636 0.5227 0.0000
vt 0.5000 0.7273 0.0000
vt 0.4318 0.6932 0.0000
vt 0.5000 0.6932 0.0000
vt 0.4318 0.5909 0.0000
vt 0.6364 0.7273 0.0000
vt 0.3636 0.7273 0.0000
vt 0.4318 0.5227 0.0000
vt 0.5682 0.7273 0.0000
vt 0.3636 0.6932 0.0000
vt 0.6364 0.6932 0.0000
vt 0.5682 0.6932 0.0000
vt 0.5057 0.6818 0.0000
vt 0.4943 0.6818 0.0000
vt 0.4773 0.5909 0.0000
vt 0.4375 0.6818 0.0000
vt 0.4261 0.6818 0.0000
vt 0.5341 0.5909 0.0000
vt 0.5909 0.5909 0.0000
vt 0.6307 0.6818 0.0000
vt 0.3693 0.6818 0.0000
vt 0.3636 0.5909 0.0000
vt 0.5625 0.6818 0.0000
vt 0.4205 0.5909 0.0000
vt 0.5739 0.6818 0.0000
vt 0.4773 0.6818 0.0000
vt 0.5341 0.6818 0.0000
vt 0.3636 0.6818 0.0000
vt 0.5909 0.6818 0.0000
vt 0.4205 0.6818 0.0000
vt 0.3636 0.7273 0.0000
vt 0.4318 0.5909 0.0000
vt 0.6364 0.7273 0.0000
vt 0.3636 0.5909 0.0000
vt 0.4318 0.7273 0.0000
vt 0.3636 0.6932 0.0000
vt 0.6364 0.6932 0.0000
vt 0.4318 0.6932 0.0000
vt 0.4318 0.5227 0.0000
vt 0.5682 0.7273 0.0000
vt 0.3636 0.5227 0.0000
vt 0.5000 0.7273 0.0000
vt 0.5682 0.6932 0.0000
vt 0.5000 0.6932 0.0000
vt 0.4375 0.6818 0.0000
vt 0.4261 0.6818 0.0000
vt 0.5341 0.5909 0.0000
vt 0.5909 0.5909 0.0000
vt 0.3693 0.6818 0.0000
vt 0.6307 0.6818 0.0000
vt 0.3636 0.5909 0.0000
vt 0.5625 0.6818 0.0000
vt 0.5739 0.6818 0.0000
vt 0.4205 0.5909 0.0000
vt 0.4943 0.6818 0.0000
vt 0.4773 0.5909 0.0000
vt 0.5057 0.6818 0.0000
vt 0.5341 0.6818 0.0000
vt 0.5909 0.6818 0.0000
vt 0.3636 0.6818 0.0000
vt 0.4205 0.6818 0.0000
vt 0.4773 0.6818 0.0000
vt 0.3636 0.7273 0.0000
vt 0.8182 0.8182 0.0000
vt 0.9091 0.8182 0.0000
vt 0.3636 0.8182 0.0000
vt 0.8182 1.0000 0.0000
vt 0.9091 1.0000 0.0000
vt 0.3636 1.0000 0.0000
vt 0.5455 0.7273 0.0000
vt 0.6364 0.8182 0.0000
vt 0.5455 0.8182 0.0000
vt 0.6364 1.0000 0.0000
vt 0.5455 1.0000 0.0000
vt 0.3182 0.3409 0.0000
vt 0.3182 0.3295 0.0000
vt 0.4432 0.3409 0.0000
vt 0.4432 0.3295 0.0000
vt 0.3182 0.3523 0.0000
vt 0.3182 0.3636 0.0000
vt 0.3182 0.3182 0.0000
vt 0.4432 0.3523 0.0000
vt 0.4432 0.3182 0.0000
vt 0.4432 0.3636 0.0000
vt 0.3182 0.3409 0.0000
vt 0.3182 0.3295 0.0000
vt 0.4432 0.3409 0.0000
vt 0.4432 0.3295 0.0000
vt 0.3182 0.3523 0.0000
vt 0.3182 0.3636 0.0000
vt 0.3182 0.3182 0.0000
vt 0.4432 0.3523 0.0000
vt 0.4432 0.3182 0.0000
vt 0.4432 0.3636 0.0000
vt 0.3182 0.3409 0.0000
vt 0.3182 0.3295 0.0000
vt 0.4432 0.3409 0.0000
vt 0.4432 0.3295 0.0000
vt 0.3182 0.3523 0.0000
vt 0.3182 0.3636 0.0000
vt 0.3182 0.3182 0.0000
vt 0.4432 0.3523 0.0000
vt 0.4432 0.3182 0.0000
vt 0.4432 0.3636 0.0000
vt 0.3182 0.3409 0.0000
vt 0.3182 0.3295 0.0000
vt 0.4432 0.3409 0.0000
vt 0.4432 0.3295 0.0000
vt 0.3182 0.3523 0.0000
vt 0.3182 0.3636 0.0000
vt 0.3182 0.3182 0.0000
vt 0.4432 0.3523 0.0000
vt 0.4432 0.3182 0.0000
vt 0.4432 0.3636 0.0000
vt 0.9091 1.0000 0.0000
vt 0.9545 1.0000 0.0000
vt 0.9205 1.0000 0.0000
vt 0.9432 1.0000 0.0000
vt 0.9318 1.0000 0.0000
vt 0.9091 0.4659 0.0000
vt 0.9545 0.4659 0.0000
vt 0.9205 0.4659 0.0000
vt 0.9432 0.4659 0.0000
vt 0.9318 0.4659 0.0000
vt 0.3182 0.3409 0.0000
vt 0.3182 0.3295 0.0000
vt 0.4432 0.3409 0.0000
vt 0.4432 0.3295 0.0000
vt 0.3182 0.3523 0.0000
vt 0.3182 0.3636 0.0000
vt 0.3182 0.3182 0.0000
vt 0.4432 0.3523 0.0000
vt 0.4432 0.3182 0.0000
vt 0.4432 0.3636 0.0000
vt 0.3182 0.3409 0.0000
vt 0.3182 0.3295 0.0000
vt 0.4432 0.3409 0.0000
vt 0.4432 0.3295 0.0000
vt 0.3182 0.3523 0.0000
vt 0.3182 0.3636 0.0000
vt 0.3182 0.3182 0.0000
vt 0.4432 0.3523 0.0000
vt 0.4432 0.3182 0.0000
vt 0.4432 0.3636 0.0000
vt 0.3182 0.3409 0.0000
vt 0.3182 0.3295 0.0000
vt 0.4432 0.3409 0.0000
vt 0.4432 0.3295 0.0000
vt 0.3182 0.3523 0.0000
vt 0.3182 0.3636 0.0000
vt 0.3182 0.3182 0.0000
vt 0.4432 0.3523 0.0000
vt 0.4432 0.3182 0.0000
vt 0.4432 0.3636 0.0000
vt 0.3182 0.3409 0.0000
vt 0.3182 0.3295 0.0000
vt 0.4432 0.3409 0.0000
vt 0.4432 0.3295 0.0000
vt 0.3182 0.3523 0.0000
vt 0.3182 0.3636 0.0000
vt 0.3182 0.3182 0.0000
vt 0.4432 0.3523 0.0000
vt 0.4432 0.3182 0.0000
vt 0.4432 0.3636 0.0000
vt 0.9091 1.0000 0.0000
vt 0.9545 1.0000 0.0000
vt 0.9205 1.0000 0.0000
vt 0.9432 1.0000 0.0000
vt 0.9318 1.0000 0.0000
vt 0.9091 0.4659 0.0000
vt 0.9545 0.4659 0.0000
vt 0.9205 0.4659 0.0000
vt 0.9432 0.4659 0.0000
vt 0.9318 0.4659 0.0000
vt 0.3636 0.4318 0.0000
vt 0.3636 0.3864 0.0000
vt 0.3636 0.4205 0.0000
vt 0.4545 0.3864 0.0000
vt 0.4545 0.4318 0.0000
vt 0.4545 0.4205 0.0000
vt 0.3636 0.3977 0.0000
vt 0.3636 0.4091 0.0000
vt 0.4545 0.3977 0.0000
vt 0.4545 0.4091 0.0000
vt 0.3636 0.4318 0.0000
vt 0.3636 0.3864 0.0000
vt 0.3636 0.4205 0.0000
vt 0.4545 0.3864 0.0000
vt 0.4545 0.4318 0.0000
vt 0.4545 0.4205 0.0000
vt 0.3636 0.3977 0.0000
vt 0.3636 0.4091 0.0000
vt 0.4545 0.3977 0.0000
vt 0.4545 0.4091 0.0000
vt 0.3636 0.4318 0.0000
vt 0.3636 0.3864 0.0000
vt 0.3636 0.4205 0.0000
vt 0.4545 0.3864 0.0000
vt 0.4545 0.4318 0.0000
vt 0.4545 0.4205 0.0000
vt 0.3636 0.3977 0.0000
vt 0.3636 0.4091 0.0000
vt 0.4545 0.3977 0.0000
vt 0.4545 0.4091 0.0000
vt 0.3636 0.4318 0.0000
vt 0.3636 0.3864 0.0000
vt 0.3636 0.4205 0.0000
vt 0.4545 0.3864 0.0000
vt 0.4545 0.4318 0.0000
vt 0.4545 0.4205 0.0000
vt 0.3636 0.3977 0.0000
vt 0.3636 0.4091 0.0000
vt 0.4545 0.3977 0.0000
vt 0.4545 0.4091 0.0000
vt 0.3636 0.4318 0.0000
vt 0.3636 0.3864 0.0000
vt 0.3636 0.4205 0.0000
vt 0.4545 0.3864 0.0000
vt 0.4545 0.4318 0.0000
vt 0.4545 0.4205 0.0000
vt 0.3636 0.3977 0.0000
vt 0.3636 0.4091 0.0000
vt 0.4545 0.3977 0.0000
vt 0.4545 0.4091 0.0000
vt 0.3636 0.4318 0.0000
vt 0.3636 0.3864 0.0000
vt 0.3636 0.4205 0.0000
vt 0.4545 0.3864 0.0000
vt 0.4545 0.4318 0.0000
vt 0.4545 0.4205 0.0000
vt 0.3636 0.3977 0.0000
vt 0.3636 0.4091 0.0000
vt 0.4545 0.3977 0.0000
vt 0.4545 0.4091 0.0000
vt 0.3636 0.4318 0.0000
vt 0.5455 0.4318 0.0000
vt 0.3750 0.4318 0.0000
vt 0.3636 0.5227 0.0000
vt 0.5455 0.5227 0.0000
vt 0.3750 0.5227 0.0000
vt 0.4659 0.4318 0.0000
vt 0.4545 0.4318 0.0000
vt 0.4659 0.5227 0.0000
vt 0.4545 0.5227 0.0000
vt 0.3636 0.4318 0.0000
vt 0.5455 0.4318 0.0000
vt 0.3750 0.4318 0.0000
vt 0.5455 0.5227 0.0000
vt 0.3636 0.5227 0.0000
vt 0.3750 0.5227 0.0000
vt 0.4659 0.4318 0.0000
vt 0.4545 0.4318 0.0000
vt 0.4659 0.5227 0.0000
vt 0.4545 0.5227 0.0000
s 0
usemtl None
f 1/1/1 3/4/2 4/6/3 
f 8/10/4 7/9/5 5/7/6 
f 7/9/7 3/5/8 1/2/9 
f 4/6/10 8/10/11 6/8/12 
f 11/15/13 9/11/14 10/13/15 
f 13/17/16 15/19/17 16/20/18 
f 9/12/19 11/14/20 15/19/21 
f 14/18/22 16/20/23 12/16/24 
f 19/25/25 17/21/26 18/23/27 
f 21/27/28 23/29/29 24/30/30 
f 17/22/31 19/24/32 23/29/33 
f 24/30/34 20/26/35 18/23/36 
f 27/35/37 25/31/38 26/33/39 
f 29/37/40 31/39/41 32/40/42 
f 25/32/43 27/34/44 31/39/45 
f 32/40/46 28/36/47 26/33/48 
f 35/45/49 33/41/50 34/43/51 
f 37/47/52 39/49/53 40/50/54 
f 33/42/55 35/44/56 39/49/57 
f 40/50/58 36/46/59 34/43/60 
f 42/53/61 41/51/62 43/55/63 
f 48/60/64 47/59/65 45/57/66 
f 47/59/67 43/54/68 41/52/69 
f 44/56/70 48/60/71 46/58/72 
f 50/63/73 49/61/74 51/65/75 
f 56/70/76 55/69/77 53/67/78 
f 55/69/79 51/64/80 49/62/81 
f 52/66/82 56/70/83 54/68/84 
f 58/73/85 57/71/86 59/75/87 
f 64/80/88 63/79/89 61/77/90 
f 63/79/91 59/74/92 57/72/93 
f 60/76/94 64/80/95 62/78/96 
f 67/84/97 65/81/98 66/82/99 
f 71/89/100 67/83/101 68/85/102 
f 69/86/103 71/90/104 72/92/105 
f 65/81/106 67/84/107 71/90/108 
f 70/88/109 72/91/110 68/85/111 
f 75/96/112 73/93/113 74/94/114 
f 79/101/115 75/95/116 76/98/117 
f 77/99/118 79/101/119 80/102/120 
f 73/93/121 77/99/122 78/100/123 
f 83/106/124 81/103/125 82/104/126 
f 87/111/127 83/105/128 84/108/129 
f 85/109/130 87/111/131 88/112/132 
f 81/103/133 85/109/134 86/110/135 
f 91/116/136 89/113/137 90/114/138 
f 95/121/139 91/115/140 92/118/141 
f 93/119/142 95/121/143 96/122/144 
f 89/113/145 93/119/146 94/120/147 
f 99/126/148 97/123/149 98/124/150 
f 103/131/151 99/125/152 100/128/153 
f 101/129/154 103/131/155 104/132/156 
f 97/123/157 101/129/158 102/130/159 
f 107/136/160 105/133/161 106/134/162 
f 111/141/163 107/135/164 108/138/165 
f 109/139/166 111/141/167 112/142/168 
f 105/133/169 109/139/170 110/140/171 
f 115/146/172 113/143/173 114/144/174 
f 119/151/175 115/145/176 116/148/177 
f 117/149/178 119/151/179 120/152/180 
f 113/143/181 117/149/182 118/150/183 
f 123/156/184 121/153/185 122/154/186 
f 127/161/187 123/155/188 124/158/189 
f 125/159/190 127/161/191 128/162/192 
f 121/153/193 125/159/194 126/160/195 
f 131/166/196 129/163/197 130/164/198 
f 135/171/199 131/165/200 132/168/201 
f 133/169/202 135/171/203 136/172/204 
f 129/163/205 133/169/206 134/170/207 
f 147/185/208 138/174/209 140/177/210 
f 143/180/211 139/175/212 140/176/213 
f 137/173/214 141/178/215 142/179/216 
f 137/173/217 139/175/218 143/180/219 
f 142/179/220 144/181/221 140/177/222 
f 150/189/223 146/184/224 147/185/225 
f 145/183/226 139/175/227 137/173/228 
f 148/186/229 140/176/230 139/175/231 
f 146/184/232 137/173/233 138/174/234 
f 151/190/235 152/191/236 156/200/237 
f 151/190/238 147/185/239 148/187/240 
f 149/188/241 145/183/242 146/184/243 
f 152/192/244 148/186/245 145/183/246 
f 160/210/247 156/199/248 153/193/249 
f 153/194/250 149/188/251 150/189/252 
f 156/201/253 152/192/254 149/188/255 
f 154/195/256 150/189/257 151/190/258 
f 163/215/259 159/208/260 160/211/261 
f 158/205/262 154/196/263 155/198/264 
f 159/207/265 155/198/266 156/202/267 
f 157/203/268 153/193/269 154/196/270 
f 167/220/271 163/215/272 164/216/273 
f 161/213/274 157/204/275 158/206/276 
f 164/217/277 160/209/278 157/204/279 
f 162/214/280 158/206/281 159/208/282 
f 172/226/283 168/221/284 165/218/285 
f 165/218/286 161/213/287 162/214/288 
f 168/221/289 164/217/290 161/213/291 
f 166/219/292 162/214/293 163/215/294 
f 175/230/295 171/225/296 172/227/297 
f 170/224/298 166/219/299 167/220/300 
f 171/225/301 167/220/302 168/222/303 
f 165/218/304 166/219/305 170/224/306 
f 173/228/307 169/223/308 170/224/309 
f 176/232/310 172/226/311 169/223/312 
f 174/229/313 170/224/314 171/225/315 
f 186/248/316 178/234/317 190/254/318 
f 195/263/319 193/259/320 194/261/321 
f 197/265/322 199/267/323 200/268/324 
f 193/260/325 195/262/326 199/267/327 
f 198/266/328 200/268/329 196/264/330 
f 203/273/331 201/269/332 202/271/333 
f 205/275/334 207/277/335 208/278/336 
f 201/270/337 203/272/338 207/277/339 
f 206/276/340 208/278/341 204/274/342 
f 211/283/343 209/279/344 210/281/345 
f 213/285/346 215/287/347 216/288/348 
f 209/280/349 211/282/350 215/287/351 
f 214/286/352 216/288/353 212/284/354 
f 219/293/355 217/289/356 218/291/357 
f 221/295/358 223/297/359 224/298/360 
f 217/290/361 219/292/362 223/297/363 
f 222/296/364 224/298/365 220/294/366 
f 227/303/367 225/299/368 226/301/369 
f 229/305/370 231/307/371 232/308/372 
f 225/300/373 227/302/374 231/307/375 
f 230/306/376 232/308/377 228/304/378 
f 235/313/379 233/309/380 234/311/381 
f 237/315/382 239/317/383 240/318/384 
f 233/310/385 235/312/386 239/317/387 
f 238/316/388 240/318/389 236/314/390 
f 243/324/391 241/319/392 242/321/393 
f 247/329/394 243/324/395 244/325/396 
f 245/327/397 247/329/398 248/332/399 
f 241/320/400 245/327/401 246/328/402 
f 241/320/403 243/323/404 247/330/405 
f 246/328/406 248/331/407 244/326/408 
f 251/338/409 249/333/410 250/335/411 
f 255/343/412 251/338/413 252/339/414 
f 253/341/415 255/343/416 256/346/417 
f 249/334/418 253/341/419 254/342/420 
f 249/334/421 251/337/422 255/344/423 
f 254/342/424 256/345/425 252/340/426 
f 260/351/427 259/350/428 263/355/429 
f 262/353/430 261/352/431 257/347/432 
f 263/355/433 259/350/434 257/347/435 
f 260/351/436 264/356/437 262/354/438 
f 271/365/439 267/360/440 268/361/441 
f 269/362/442 270/363/443 266/358/444 
f 267/360/445 271/365/446 269/362/447 
f 270/364/448 272/366/449 268/361/450 
f 279/375/451 275/370/452 276/371/453 
f 273/367/454 277/372/455 278/373/456 
f 273/367/457 275/370/458 279/375/459 
f 278/374/460 280/376/461 276/371/462 
f 284/381/463 283/380/464 287/385/465 
f 286/383/466 285/382/467 281/377/468 
f 287/385/469 283/380/470 281/377/471 
f 284/381/472 288/386/473 286/384/474 
f 291/390/475 292/391/476 296/396/477 
f 293/392/478 294/393/479 290/388/480 
f 289/387/481 291/390/482 295/395/483 
f 294/394/484 296/396/485 292/391/486 
f 300/401/487 299/400/488 303/405/489 
f 301/402/490 297/397/491 298/398/492 
f 303/405/493 299/400/494 297/397/495 
f 300/401/496 304/406/497 302/404/498 
f 308/411/499 307/410/500 311/415/501 
f 309/412/502 305/407/503 306/408/504 
f 311/415/505 307/410/506 305/407/507 
f 308/411/508 312/416/509 310/414/510 
f 319/425/511 315/420/512 316/421/513 
f 317/422/514 318/423/515 314/418/516 
f 313/417/517 315/420/518 319/425/519 
f 318/424/520 320/426/521 316/421/522 
f 323/429/523 321/427/524 322/428/525 
f 327/434/526 323/429/527 324/430/528 
f 325/431/529 327/433/530 328/436/531 
f 321/427/532 325/431/533 326/432/534 
f 331/439/535 329/437/536 330/438/537 
f 335/445/538 331/439/539 332/440/540 
f 333/442/541 335/445/542 336/446/543 
f 329/437/544 333/441/545 334/444/546 
f 339/450/547 337/447/548 338/448/549 
f 343/455/550 339/449/551 340/452/552 
f 341/453/553 343/455/554 344/456/555 
f 337/447/556 341/453/557 342/454/558 
f 347/461/559 345/457/560 346/459/561 
f 351/465/562 347/461/563 348/462/564 
f 349/463/565 351/465/566 352/466/567 
f 345/458/568 349/463/569 350/464/570 
f 355/469/571 353/467/572 354/468/573 
f 357/471/574 359/474/575 360/476/576 
f 353/467/577 355/469/578 359/474/579 
f 358/473/580 360/475/581 356/470/582 
f 363/479/583 361/477/584 362/478/585 
f 365/481/586 367/484/587 368/486/588 
f 361/477/589 363/479/590 367/485/591 
f 366/483/592 368/486/593 364/480/594 
f 371/490/595 369/487/596 370/488/597 
f 373/493/598 375/495/599 376/496/600 
f 369/487/601 371/490/602 375/495/603 
f 374/494/604 376/496/605 372/492/606 
f 379/501/607 377/497/608 378/499/609 
f 381/503/610 383/505/611 384/506/612 
f 377/498/613 379/500/614 383/505/615 
f 382/504/616 384/506/617 380/502/618 
f 391/515/619 387/510/620 388/511/621 
f 385/507/622 389/512/623 390/513/624 
f 385/507/625 387/510/626 391/515/627 
f 390/514/628 392/516/629 388/511/630 
f 399/525/631 395/520/632 396/521/633 
f 393/517/634 397/522/635 398/524/636 
f 393/518/637 395/520/638 399/525/639 
f 398/524/640 400/526/641 396/521/642 
f 407/534/643 403/529/644 404/530/645 
f 401/527/646 405/532/647 406/533/648 
f 401/527/649 403/529/650 407/534/651 
f 406/533/652 408/535/653 404/531/654 
f 415/544/655 411/539/656 412/541/657 
f 409/537/658 413/542/659 414/543/660 
f 409/537/661 411/540/662 415/545/663 
f 414/543/664 416/546/665 412/541/666 
f 419/550/667 417/547/668 418/549/669 
f 423/556/670 419/550/671 420/551/672 
f 421/552/673 423/557/674 424/560/675 
f 417/547/676 421/552/677 422/554/678 
f 417/547/679 419/550/680 423/557/681 
f 422/555/682 424/558/683 420/551/684 
f 427/567/685 425/561/686 426/563/687 
f 431/574/688 427/566/689 428/569/690 
f 429/570/691 431/575/692 432/578/693 
f 425/562/694 429/570/695 430/572/696 
f 425/562/697 427/566/698 431/575/699 
f 430/573/700 432/576/701 428/569/702 
f 435/582/703 433/579/704 434/581/705 
f 439/588/706 435/582/707 436/583/708 
f 437/584/709 439/589/710 440/592/711 
f 433/579/712 437/584/713 438/586/714 
f 433/579/715 435/582/716 439/589/717 
f 438/587/718 440/590/719 436/583/720 
f 443/599/721 441/593/722 442/595/723 
f 447/606/724 443/598/725 444/601/726 
f 445/602/727 447/607/728 448/610/729 
f 441/594/730 445/602/731 446/604/732 
f 441/594/733 443/598/734 447/607/735 
f 446/605/736 448/608/737 444/601/738 
f 451/614/739 449/611/740 450/613/741 
f 455/620/742 451/614/743 452/615/744 
f 453/616/745 455/621/746 456/623/747 
f 449/611/748 453/616/749 454/618/750 
f 449/611/751 451/614/752 455/621/753 
f 456/624/754 452/615/755 450/613/756 
f 459/630/757 457/625/758 458/627/759 
f 459/631/760 460/633/761 464/641/762 
f 461/634/763 463/639/764 464/642/765 
f 457/626/766 461/634/767 462/636/768 
f 457/626/769 459/631/770 463/639/771 
f 462/637/772 464/640/773 460/633/774 
f 467/646/775 465/643/776 466/645/777 
f 471/653/778 467/646/779 468/647/780 
f 469/648/781 471/652/782 472/656/783 
f 465/643/784 469/648/785 470/650/786 
f 467/646/787 471/652/788 469/648/789 
f 470/651/790 472/654/791 468/647/792 
f 475/663/793 473/657/794 474/659/795 
f 479/670/796 475/662/797 476/665/798 
f 477/666/799 479/671/800 480/674/801 
f 477/666/802 478/667/803 474/660/804 
f 473/658/805 475/662/806 479/671/807 
f 478/669/808 480/672/809 476/665/810 
f 490/691/811 494/696/812 486/685/813 
f 498/704/814 497/702/815 499/705/816 
f 504/714/817 500/706/818 505/715/819 
f 504/714/820 503/713/821 501/708/822 
f 502/710/823 501/707/824 497/701/825 
f 503/712/826 499/705/827 497/702/828 
f 500/706/829 504/714/830 502/711/831 
f 508/726/832 505/717/833 509/728/834 
f 500/706/835 499/705/836 506/718/837 
f 503/713/838 504/714/839 508/727/840 
f 499/705/841 503/712/842 507/723/843 
f 505/717/844 506/720/845 510/729/846 
f 507/724/847 508/726/848 512/732/849 
f 506/720/850 507/721/851 511/731/852 
f 514/737/853 513/733/854 515/738/855 
f 520/746/856 516/740/857 521/747/858 
f 520/746/859 519/745/860 517/742/861 
f 518/743/862 517/741/863 513/734/864 
f 519/745/865 515/739/866 513/735/867 
f 516/740/868 520/746/869 518/744/870 
f 524/758/871 521/749/872 525/760/873 
f 516/740/874 515/738/875 522/751/876 
f 519/745/877 520/746/878 524/759/879 
f 515/739/880 519/745/881 523/755/882 
f 521/749/883 522/750/884 526/761/885 
f 523/756/886 524/758/887 528/764/888 
f 522/753/889 523/756/890 527/763/891 
f 531/769/892 529/766/893 530/768/894 
f 537/779/895 532/770/896 536/778/897 
f 533/772/898 535/777/899 536/778/900 
f 529/765/901 533/771/902 534/774/903 
f 529/766/904 531/769/905 535/776/906 
f 534/775/907 536/778/908 532/770/909 
f 541/792/910 537/781/911 540/790/912 
f 538/782/913 531/769/914 532/770/915 
f 540/791/916 536/778/917 535/777/918 
f 539/787/919 535/776/920 531/769/921 
f 542/793/922 538/784/923 537/781/924 
f 544/796/925 540/790/926 539/788/927 
f 543/795/928 539/785/929 538/784/930 
f 547/802/931 545/797/932 546/801/933 
f 553/811/934 548/804/935 552/810/936 
f 549/806/937 551/809/938 552/810/939 
f 545/798/940 549/805/941 550/807/942 
f 545/799/943 547/803/944 551/809/945 
f 550/808/946 552/810/947 548/804/948 
f 557/824/949 553/813/950 556/822/951 
f 554/815/952 547/802/953 548/804/954 
f 556/823/955 552/810/956 551/809/957 
f 555/819/958 551/809/959 547/803/960 
f 558/825/961 554/814/962 553/813/963 
f 560/828/964 556/822/965 555/820/966 
f 559/827/967 555/820/968 554/817/969 
f 563/833/970 561/830/971 562/831/972 
f 565/837/973 567/839/974 568/840/975 
f 561/829/976 565/836/977 566/838/978 
f 561/830/979 563/833/980 567/839/981 
f 566/838/982 568/840/983 564/835/984 
f 571/843/985 569/841/986 570/842/987 
f 573/845/988 575/848/989 576/850/990 
f 569/841/991 571/843/992 575/848/993 
f 574/847/994 576/849/995 572/844/996 
f 579/853/997 577/851/998 578/852/999 
f 581/855/1000 583/858/1001 584/860/1002 
f 577/851/1003 579/853/1004 583/858/1005 
f 582/857/1006 584/859/1007 580/854/1008 
f 587/863/1009 585/861/1010 586/862/1011 
f 589/865/1012 591/868/1013 592/870/1014 
f 585/861/1015 587/863/1016 591/868/1017 
f 590/867/1018 592/869/1019 588/864/1020 
f 595/873/1021 593/871/1022 594/872/1023 
f 597/875/1024 599/878/1025 600/880/1026 
f 593/871/1027 595/873/1028 599/878/1029 
f 598/877/1030 600/879/1031 596/874/1032 
f 607/889/1033 603/884/1034 604/885/1035 
f 601/881/1036 605/886/1037 606/888/1038 
f 601/882/1039 603/884/1040 607/889/1041 
f 606/888/1042 608/890/1043 604/885/1044 
f 610/892/1045 609/891/1046 611/893/1047 
f 616/900/1048 615/898/1049 613/895/1050 
f 615/898/1051 611/893/1052 609/891/1053 
f 612/894/1054 616/899/1055 614/897/1056 
f 618/902/1057 617/901/1058 619/903/1059 
f 624/910/1060 623/908/1061 621/905/1062 
f 623/908/1063 619/903/1064 617/901/1065 
f 620/904/1066 624/909/1067 622/907/1068 
f 626/912/1069 625/911/1070 627/913/1071 
f 632/920/1072 631/918/1073 629/915/1074 
f 631/918/1075 627/913/1076 625/911/1077 
f 628/914/1078 632/919/1079 630/917/1080 
f 634/922/1081 633/921/1082 635/923/1083 
f 640/930/1084 639/928/1085 637/925/1086 
f 639/928/1087 635/923/1088 633/921/1089 
f 636/924/1090 640/929/1091 638/927/1092 
f 644/935/1093 643/934/1094 647/939/1095 
f 646/938/1096 645/936/1097 641/931/1098 
f 647/939/1099 643/934/1100 641/932/1101 
f 644/935/1102 648/940/1103 646/938/1104 
f 650/943/1105 649/941/1106 651/945/1107 
f 656/950/1108 655/949/1109 653/947/1110 
f 655/949/1111 651/944/1112 649/942/1113 
f 652/946/1114 656/950/1115 654/948/1116 
f 658/953/1117 657/951/1118 659/955/1119 
f 664/960/1120 663/959/1121 661/957/1122 
f 663/959/1123 659/954/1124 657/952/1125 
f 660/956/1126 664/960/1127 662/958/1128 
f 666/963/1129 665/961/1130 667/965/1131 
f 672/970/1132 671/969/1133 669/967/1134 
f 671/969/1135 667/964/1136 665/962/1137 
f 668/966/1138 672/970/1139 670/968/1140 
f 675/975/1141 673/971/1142 674/973/1143 
f 677/977/1144 679/979/1145 680/980/1146 
f 673/972/1147 675/974/1148 679/979/1149 
f 680/980/1150 676/976/1151 674/973/1152 
f 683/985/1153 681/981/1154 682/983/1155 
f 685/987/1156 687/989/1157 688/990/1158 
f 681/982/1159 683/984/1160 687/989/1161 
f 688/990/1162 684/986/1163 682/983/1164 
f 691/995/1165 689/991/1166 690/993/1167 
f 693/997/1168 695/999/1169 696/1000/1170 
f 689/992/1171 691/994/1172 695/999/1173 
f 696/1000/1174 692/996/1175 690/993/1176 
f 697/1001/1177 699/1004/1178 700/1006/1179 
f 704/1010/1180 703/1009/1181 701/1007/1182 
f 703/1009/1183 699/1005/1184 697/1002/1185 
f 700/1006/1186 704/1010/1187 702/1008/1188 
f 707/1015/1189 705/1011/1190 706/1013/1191 
f 709/1017/1192 711/1019/1193 712/1020/1194 
f 705/1012/1195 707/1014/1196 711/1019/1197 
f 710/1018/1198 712/1020/1199 708/1016/1200 
f 1/1/1201 4/6/1202 2/3/1203 
f 8/10/1204 5/7/1205 6/8/1206 
f 7/9/1207 1/2/1208 5/7/1209 
f 4/6/1210 6/8/1211 2/3/1212 
f 11/15/1213 10/13/1214 12/16/1215 
f 13/17/1216 16/20/1217 14/18/1218 
f 9/12/1219 15/19/1220 13/17/1221 
f 14/18/1222 12/16/1223 10/13/1224 
f 19/25/1225 18/23/1226 20/26/1227 
f 21/27/1228 24/30/1229 22/28/1230 
f 17/22/1231 23/29/1232 21/27/1233 
f 24/30/1234 18/23/1235 22/28/1236 
f 27/35/1237 26/33/1238 28/36/1239 
f 29/37/1240 32/40/1241 30/38/1242 
f 25/32/1243 31/39/1244 29/37/1245 
f 32/40/1246 26/33/1247 30/38/1248 
f 35/45/1249 34/43/1250 36/46/1251 
f 37/47/1252 40/50/1253 38/48/1254 
f 33/42/1255 39/49/1256 37/47/1257 
f 40/50/1258 34/43/1259 38/48/1260 
f 42/53/1261 43/55/1262 44/56/1263 
f 48/60/1264 45/57/1265 46/58/1266 
f 47/59/1267 41/52/1268 45/57/1269 
f 44/56/1270 46/58/1271 42/53/1272 
f 50/63/1273 51/65/1274 52/66/1275 
f 56/70/1276 53/67/1277 54/68/1278 
f 55/69/1279 49/62/1280 53/67/1281 
f 52/66/1282 54/68/1283 50/63/1284 
f 58/73/1285 59/75/1286 60/76/1287 
f 64/80/1288 61/77/1289 62/78/1290 
f 63/79/1291 57/72/1292 61/77/1293 
f 60/76/1294 62/78/1295 58/73/1296 
f 67/84/1297 66/82/1298 68/85/1299 
f 71/89/1300 68/85/1301 72/91/1302 
f 69/86/1303 72/92/1304 70/87/1305 
f 65/81/1306 71/90/1307 69/86/1308 
f 70/88/1309 68/85/1310 66/82/1311 
f 75/96/1312 74/94/1313 76/97/1314 
f 79/101/1315 76/98/1316 80/102/1317 
f 77/99/1318 80/102/1319 78/100/1320 
f 73/93/1321 78/100/1322 74/94/1323 
f 83/106/1324 82/104/1325 84/107/1326 
f 87/111/1327 84/108/1328 88/112/1329 
f 85/109/1330 88/112/1331 86/110/1332 
f 81/103/1333 86/110/1334 82/104/1335 
f 91/116/1336 90/114/1337 92/117/1338 
f 95/121/1339 92/118/1340 96/122/1341 
f 93/119/1342 96/122/1343 94/120/1344 
f 89/113/1345 94/120/1346 90/114/1347 
f 99/126/1348 98/124/1349 100/127/1350 
f 103/131/1351 100/128/1352 104/132/1353 
f 101/129/1354 104/132/1355 102/130/1356 
f 97/123/1357 102/130/1358 98/124/1359 
f 107/136/1360 106/134/1361 108/137/1362 
f 111/141/1363 108/138/1364 112/142/1365 
f 109/139/1366 112/142/1367 110/140/1368 
f 105/133/1369 110/140/1370 106/134/1371 
f 115/146/1372 114/144/1373 116/147/1374 
f 119/151/1375 116/148/1376 120/152/1377 
f 117/149/1378 120/152/1379 118/150/1380 
f 113/143/1381 118/150/1382 114/144/1383 
f 123/156/1384 122/154/1385 124/157/1386 
f 127/161/1387 124/158/1388 128/162/1389 
f 125/159/1390 128/162/1391 126/160/1392 
f 121/153/1393 126/160/1394 122/154/1395 
f 131/166/1396 130/164/1397 132/167/1398 
f 135/171/1399 132/168/1400 136/172/1401 
f 133/169/1402 136/172/1403 134/170/1404 
f 129/163/1405 134/170/1406 130/164/1407 
f 147/185/1408 140/177/1409 148/187/1410 
f 143/180/1411 140/176/1412 144/182/1413 
f 137/173/1414 142/179/1415 138/174/1416 
f 137/173/1417 143/180/1418 141/178/1419 
f 142/179/1420 140/177/1421 138/174/1422 
f 150/189/1423 147/185/1424 151/190/1425 
f 145/183/1426 137/173/1427 146/184/1428 
f 148/186/1429 139/175/1430 145/183/1431 
f 146/184/1432 138/174/1433 147/185/1434 
f 151/190/1435 156/200/1436 155/197/1437 
f 151/190/1438 148/187/1439 152/191/1440 
f 149/188/1441 146/184/1442 150/189/1443 
f 152/192/1444 145/183/1445 149/188/1446 
f 160/210/1447 153/193/1448 157/203/1449 
f 153/194/1450 150/189/1451 154/195/1452 
f 156/201/1453 149/188/1454 153/194/1455 
f 154/195/1456 151/190/1457 155/197/1458 
f 163/215/1459 160/211/1460 164/216/1461 
f 158/205/1462 155/198/1463 159/207/1464 
f 159/207/1465 156/202/1466 160/212/1467 
f 157/203/1468 154/196/1469 158/205/1470 
f 167/220/1471 164/216/1472 168/222/1473 
f 161/213/1474 158/206/1475 162/214/1476 
f 164/217/1477 157/204/1478 161/213/1479 
f 162/214/1480 159/208/1481 163/215/1482 
f 172/226/1483 165/218/1484 169/223/1485 
f 165/218/1486 162/214/1487 166/219/1488 
f 168/221/1489 161/213/1490 165/218/1491 
f 166/219/1492 163/215/1493 167/220/1494 
f 175/230/1495 172/227/1496 176/231/1497 
f 170/224/1498 167/220/1499 171/225/1500 
f 171/225/1501 168/222/1502 172/227/1503 
f 165/218/1504 170/224/1505 169/223/1506 
f 173/228/1507 170/224/1508 174/229/1509 
f 176/232/1510 169/223/1511 173/228/1512 
f 174/229/1513 171/225/1514 175/230/1515 
f 182/241/1516 180/237/1517 178/234/1518 
f 184/245/1519 182/241/1520 186/248/1521 
f 186/248/1522 190/254/1523 188/251/1524 
f 190/254/1525 178/234/1526 192/257/1527 
f 195/263/1528 194/261/1529 196/264/1530 
f 197/265/1531 200/268/1532 198/266/1533 
f 193/260/1534 199/267/1535 197/265/1536 
f 198/266/1537 196/264/1538 194/261/1539 
f 203/273/1540 202/271/1541 204/274/1542 
f 205/275/1543 208/278/1544 206/276/1545 
f 201/270/1546 207/277/1547 205/275/1548 
f 206/276/1549 204/274/1550 202/271/1551 
f 211/283/1552 210/281/1553 212/284/1554 
f 213/285/1555 216/288/1556 214/286/1557 
f 209/280/1558 215/287/1559 213/285/1560 
f 214/286/1561 212/284/1562 210/281/1563 
f 219/293/1564 218/291/1565 220/294/1566 
f 221/295/1567 224/298/1568 222/296/1569 
f 217/290/1570 223/297/1571 221/295/1572 
f 222/296/1573 220/294/1574 218/291/1575 
f 227/303/1576 226/301/1577 228/304/1578 
f 229/305/1579 232/308/1580 230/306/1581 
f 225/300/1582 231/307/1583 229/305/1584 
f 230/306/1585 228/304/1586 226/301/1587 
f 235/313/1588 234/311/1589 236/314/1590 
f 237/315/1591 240/318/1592 238/316/1593 
f 233/310/1594 239/317/1595 237/315/1596 
f 238/316/1597 236/314/1598 234/311/1599 
f 243/324/1600 242/321/1601 244/325/1602 
f 247/329/1603 244/325/1604 248/332/1605 
f 245/327/1606 248/332/1607 246/328/1608 
f 241/320/1609 246/328/1610 242/322/1611 
f 241/320/1612 247/330/1613 245/327/1614 
f 246/328/1615 244/326/1616 242/322/1617 
f 251/338/1618 250/335/1619 252/339/1620 
f 255/343/1621 252/339/1622 256/346/1623 
f 253/341/1624 256/346/1625 254/342/1626 
f 249/334/1627 254/342/1628 250/336/1629 
f 249/334/1630 255/344/1631 253/341/1632 
f 254/342/1633 252/340/1634 250/336/1635 
f 260/351/1636 263/355/1637 264/356/1638 
f 262/353/1639 257/347/1640 258/348/1641 
f 263/355/1642 257/347/1643 261/352/1644 
f 260/351/1645 262/354/1646 258/349/1647 
f 271/365/1648 268/361/1649 272/366/1650 
f 269/362/1651 266/358/1652 265/357/1653 
f 267/360/1654 269/362/1655 265/357/1656 
f 270/364/1657 268/361/1658 266/359/1659 
f 279/375/1660 276/371/1661 280/376/1662 
f 273/367/1663 278/373/1664 274/368/1665 
f 273/367/1666 279/375/1667 277/372/1668 
f 278/374/1669 276/371/1670 274/369/1671 
f 284/381/1672 287/385/1673 288/386/1674 
f 286/383/1675 281/377/1676 282/378/1677 
f 287/385/1678 281/377/1679 285/382/1680 
f 284/381/1681 286/384/1682 282/379/1683 
f 291/390/1684 296/396/1685 295/395/1686 
f 293/392/1687 290/388/1688 289/387/1689 
f 289/387/1690 295/395/1691 293/392/1692 
f 294/394/1693 292/391/1694 290/389/1695 
f 300/401/1696 303/405/1697 304/406/1698 
f 301/402/1699 298/398/1700 302/403/1701 
f 303/405/1702 297/397/1703 301/402/1704 
f 300/401/1705 302/404/1706 298/399/1707 
f 308/411/1708 311/415/1709 312/416/1710 
f 309/412/1711 306/408/1712 310/413/1713 
f 311/415/1714 305/407/1715 309/412/1716 
f 308/411/1717 310/414/1718 306/409/1719 
f 319/425/1720 316/421/1721 320/426/1722 
f 317/422/1723 314/418/1724 313/417/1725 
f 313/417/1726 319/425/1727 317/422/1728 
f 318/424/1729 316/421/1730 314/419/1731 
f 323/429/1732 322/428/1733 324/430/1734 
f 327/434/1735 324/430/1736 328/435/1737 
f 325/431/1738 328/436/1739 326/432/1740 
f 321/427/1741 326/432/1742 322/428/1743 
f 331/439/1744 330/438/1745 332/440/1746 
f 335/445/1747 332/440/1748 336/446/1749 
f 333/442/1750 336/446/1751 334/443/1752 
f 329/437/1753 334/444/1754 330/438/1755 
f 339/450/1756 338/448/1757 340/451/1758 
f 343/455/1759 340/452/1760 344/456/1761 
f 341/453/1762 344/456/1763 342/454/1764 
f 337/447/1765 342/454/1766 338/448/1767 
f 347/461/1768 346/459/1769 348/462/1770 
f 351/465/1771 348/462/1772 352/466/1773 
f 349/463/1774 352/466/1775 350/464/1776 
f 345/458/1777 350/464/1778 346/460/1779 
f 355/469/1780 354/468/1781 356/470/1782 
f 357/471/1783 360/476/1784 358/472/1785 
f 353/467/1786 359/474/1787 357/471/1788 
f 358/473/1789 356/470/1790 354/468/1791 
f 363/479/1792 362/478/1793 364/480/1794 
f 365/481/1795 368/486/1796 366/483/1797 
f 361/477/1798 367/485/1799 365/482/1800 
f 366/483/1801 364/480/1802 362/478/1803 
f 371/490/1804 370/488/1805 372/491/1806 
f 373/493/1807 376/496/1808 374/494/1809 
f 369/487/1810 375/495/1811 373/493/1812 
f 374/494/1813 372/492/1814 370/489/1815 
f 379/501/1816 378/499/1817 380/502/1818 
f 381/503/1819 384/506/1820 382/504/1821 
f 377/498/1822 383/505/1823 381/503/1824 
f 382/504/1825 380/502/1826 378/499/1827 
f 391/515/1828 388/511/1829 392/516/1830 
f 385/507/1831 390/513/1832 386/508/1833 
f 385/507/1834 391/515/1835 389/512/1836 
f 390/514/1837 388/511/1838 386/509/1839 
f 399/525/1840 396/521/1841 400/526/1842 
f 393/517/1843 398/524/1844 394/519/1845 
f 393/518/1846 399/525/1847 397/523/1848 
f 398/524/1849 396/521/1850 394/519/1851 
f 407/534/1852 404/530/1853 408/536/1854 
f 401/527/1855 406/533/1856 402/528/1857 
f 401/527/1858 407/534/1859 405/532/1860 
f 406/533/1861 404/531/1862 402/528/1863 
f 415/544/1864 412/541/1865 416/546/1866 
f 409/537/1867 414/543/1868 410/538/1869 
f 409/537/1870 415/545/1871 413/542/1872 
f 414/543/1873 412/541/1874 410/538/1875 
f 419/550/1876 418/549/1877 420/551/1878 
f 423/556/1879 420/551/1880 424/559/1881 
f 421/552/1882 424/560/1883 422/553/1884 
f 417/547/1885 422/554/1886 418/548/1887 
f 417/547/1888 423/557/1889 421/552/1890 
f 422/555/1891 420/551/1892 418/549/1893 
f 427/567/1894 426/563/1895 428/568/1896 
f 431/574/1897 428/569/1898 432/577/1899 
f 429/570/1900 432/578/1901 430/571/1902 
f 425/562/1903 430/572/1904 426/564/1905 
f 425/562/1906 431/575/1907 429/570/1908 
f 430/573/1909 428/569/1910 426/565/1911 
f 435/582/1912 434/581/1913 436/583/1914 
f 439/588/1915 436/583/1916 440/591/1917 
f 437/584/1918 440/592/1919 438/585/1920 
f 433/579/1921 438/586/1922 434/580/1923 
f 433/579/1924 439/589/1925 437/584/1926 
f 438/587/1927 436/583/1928 434/581/1929 
f 443/599/1930 442/595/1931 444/600/1932 
f 447/606/1933 444/601/1934 448/609/1935 
f 445/602/1936 448/610/1937 446/603/1938 
f 441/594/1939 446/604/1940 442/596/1941 
f 441/594/1942 447/607/1943 445/602/1944 
f 446/605/1945 444/601/1946 442/597/1947 
f 451/614/1948 450/613/1949 452/615/1950 
f 455/620/1951 452/615/1952 456/622/1953 
f 453/616/1954 456/623/1955 454/617/1956 
f 449/611/1957 454/618/1958 450/612/1959 
f 449/611/1960 455/621/1961 453/616/1962 
f 456/624/1963 450/613/1964 454/619/1965 
f 459/630/1966 458/627/1967 460/632/1968 
f 459/631/1969 464/641/1970 463/638/1971 
f 461/634/1972 464/642/1973 462/635/1974 
f 457/626/1975 462/636/1976 458/628/1977 
f 457/626/1978 463/639/1979 461/634/1980 
f 462/637/1981 460/633/1982 458/629/1983 
f 467/646/1984 466/645/1985 468/647/1986 
f 471/653/1987 468/647/1988 472/655/1989 
f 469/648/1990 472/656/1991 470/649/1992 
f 465/643/1993 470/650/1994 466/644/1995 
f 467/646/1996 469/648/1997 465/643/1998 
f 470/651/1999 468/647/2000 466/645/2001 
f 475/663/2002 474/659/2003 476/664/2004 
f 479/670/2005 476/665/2006 480/673/2007 
f 477/666/2008 480/674/2009 478/668/2010 
f 477/666/2011 474/660/2012 473/658/2013 
f 473/658/2014 479/671/2015 477/666/2016 
f 478/669/2017 476/665/2018 474/661/2019 
f 486/685/2020 482/676/2021 484/679/2022 
f 482/676/2023 494/696/2024 496/699/2025 
f 490/691/2026 492/693/2027 494/696/2028 
f 186/248/2029 182/241/2030 178/234/2031 
f 486/685/2032 494/696/2033 482/676/2034 
f 498/704/2035 499/705/2036 500/706/2037 
f 504/714/2038 505/715/2039 508/725/2040 
f 504/714/2041 501/708/2042 502/711/2043 
f 502/710/2044 497/701/2045 498/703/2046 
f 503/712/2047 497/702/2048 501/709/2049 
f 500/706/2050 502/711/2051 498/704/2052 
f 508/726/2053 509/728/2054 512/732/2055 
f 500/706/2056 506/718/2057 505/716/2058 
f 503/713/2059 508/727/2060 507/722/2061 
f 499/705/2062 507/723/2063 506/719/2064 
f 505/717/2065 510/729/2066 509/728/2067 
f 507/724/2068 512/732/2069 511/730/2070 
f 506/720/2071 511/731/2072 510/729/2073 
f 514/737/2074 515/738/2075 516/740/2076 
f 520/746/2077 521/747/2078 524/757/2079 
f 520/746/2080 517/742/2081 518/744/2082 
f 518/743/2083 513/734/2084 514/736/2085 
f 519/745/2086 513/735/2087 517/742/2088 
f 516/740/2089 518/744/2090 514/737/2091 
f 524/758/2092 525/760/2093 528/764/2094 
f 516/740/2095 522/751/2096 521/748/2097 
f 519/745/2098 524/759/2099 523/754/2100 
f 515/739/2101 523/755/2102 522/752/2103 
f 521/749/2104 526/761/2105 525/760/2106 
f 523/756/2107 528/764/2108 527/763/2109 
f 522/753/2110 527/763/2111 526/762/2112 
f 531/769/2113 530/768/2114 532/770/2115 
f 537/779/2116 536/778/2117 540/789/2118 
f 533/772/2119 536/778/2120 534/775/2121 
f 529/765/2122 534/774/2123 530/767/2124 
f 529/766/2125 535/776/2126 533/773/2127 
f 534/775/2128 532/770/2129 530/768/2130 
f 541/792/2131 540/790/2132 544/796/2133 
f 538/782/2134 532/770/2135 537/780/2136 
f 540/791/2137 535/777/2138 539/786/2139 
f 539/787/2140 531/769/2141 538/783/2142 
f 542/793/2143 537/781/2144 541/792/2145 
f 544/796/2146 539/788/2147 543/794/2148 
f 543/795/2149 538/784/2150 542/793/2151 
f 547/802/2152 546/801/2153 548/804/2154 
f 553/811/2155 552/810/2156 556/821/2157 
f 549/806/2158 552/810/2159 550/808/2160 
f 545/798/2161 550/807/2162 546/800/2163 
f 545/799/2164 551/809/2165 549/806/2166 
f 550/808/2167 548/804/2168 546/801/2169 
f 557/824/2170 556/822/2171 560/828/2172 
f 554/815/2173 548/804/2174 553/812/2175 
f 556/823/2176 551/809/2177 555/818/2178 
f 555/819/2179 547/803/2180 554/816/2181 
f 558/825/2182 553/813/2183 557/824/2184 
f 560/828/2185 555/820/2186 559/827/2187 
f 559/827/2188 554/817/2189 558/826/2190 
f 563/833/2191 562/831/2192 564/834/2193 
f 565/837/2194 568/840/2195 566/838/2196 
f 561/829/2197 566/838/2198 562/832/2199 
f 561/830/2200 567/839/2201 565/837/2202 
f 566/838/2203 564/835/2204 562/832/2205 
f 571/843/2206 570/842/2207 572/844/2208 
f 573/845/2209 576/850/2210 574/846/2211 
f 569/841/2212 575/848/2213 573/845/2214 
f 574/847/2215 572/844/2216 570/842/2217 
f 579/853/2218 578/852/2219 580/854/2220 
f 581/855/2221 584/860/2222 582/856/2223 
f 577/851/2224 583/858/2225 581/855/2226 
f 582/857/2227 580/854/2228 578/852/2229 
f 587/863/2230 586/862/2231 588/864/2232 
f 589/865/2233 592/870/2234 590/866/2235 
f 585/861/2236 591/868/2237 589/865/2238 
f 590/867/2239 588/864/2240 586/862/2241 
f 595/873/2242 594/872/2243 596/874/2244 
f 597/875/2245 600/880/2246 598/876/2247 
f 593/871/2248 599/878/2249 597/875/2250 
f 598/877/2251 596/874/2252 594/872/2253 
f 607/889/2254 604/885/2255 608/890/2256 
f 601/881/2257 606/888/2258 602/883/2259 
f 601/882/2260 607/889/2261 605/887/2262 
f 606/888/2263 604/885/2264 602/883/2265 
f 610/892/2266 611/893/2267 612/894/2268 
f 616/900/2269 613/895/2270 614/896/2271 
f 615/898/2272 609/891/2273 613/895/2274 
f 612/894/2275 614/897/2276 610/892/2277 
f 618/902/2278 619/903/2279 620/904/2280 
f 624/910/2281 621/905/2282 622/906/2283 
f 623/908/2284 617/901/2285 621/905/2286 
f 620/904/2287 622/907/2288 618/902/2289 
f 626/912/2290 627/913/2291 628/914/2292 
f 632/920/2293 629/915/2294 630/916/2295 
f 631/918/2296 625/911/2297 629/915/2298 
f 628/914/2299 630/917/2300 626/912/2301 
f 634/922/2302 635/923/2303 636/924/2304 
f 640/930/2305 637/925/2306 638/926/2307 
f 639/928/2308 633/921/2309 637/925/2310 
f 636/924/2311 638/927/2312 634/922/2313 
f 644/935/2314 647/939/2315 648/940/2316 
f 646/938/2317 641/931/2318 642/933/2319 
f 647/939/2320 641/932/2321 645/937/2322 
f 644/935/2323 646/938/2324 642/933/2325 
f 650/943/2326 651/945/2327 652/946/2328 
f 656/950/2329 653/947/2330 654/948/2331 
f 655/949/2332 649/942/2333 653/947/2334 
f 652/946/2335 654/948/2336 650/943/2337 
f 658/953/2338 659/955/2339 660/956/2340 
f 664/960/2341 661/957/2342 662/958/2343 
f 663/959/2344 657/952/2345 661/957/2346 
f 660/956/2347 662/958/2348 658/953/2349 
f 666/963/2350 667/965/2351 668/966/2352 
f 672/970/2353 669/967/2354 670/968/2355 
f 671/969/2356 665/962/2357 669/967/2358 
f 668/966/2359 670/968/2360 666/963/2361 
f 675/975/2362 674/973/2363 676/976/2364 
f 677/977/2365 680/980/2366 678/978/2367 
f 673/972/2368 679/979/2369 677/977/2370 
f 680/980/2371 674/973/2372 678/978/2373 
f 683/985/2374 682/983/2375 684/986/2376 
f 685/987/2377 688/990/2378 686/988/2379 
f 681/982/2380 687/989/2381 685/987/2382 
f 688/990/2383 682/983/2384 686/988/2385 
f 691/995/2386 690/993/2387 692/996/2388 
f 693/997/2389 696/1000/2390 694/998/2391 
f 689/992/2392 695/999/2393 693/997/2394 
f 696/1000/2395 690/993/2396 694/998/2397 
f 697/1001/2398 700/1006/2399 698/1003/2400 
f 704/1010/2401 701/1007/2402 702/1008/2403 
f 703/1009/2404 697/1002/2405 701/1007/2406 
f 700/1006/2407 702/1008/2408 698/1003/2409 
f 707/1015/2410 706/1013/2411 708/1016/2412 
f 709/1017/2413 712/1020/2414 710/1018/2415 
f 705/1012/2416 711/1019/2417 709/1017/2418 
f 710/1018/2419 708/1016/2420 706/1013/2421 
s 1
f 179/236/2422 177/233/2423 178/235/2424 
f 179/236/2425 180/238/2426 182/242/2427 
f 183/244/2428 181/239/2429 182/243/2430 
f 185/247/2431 183/244/2432 184/246/2433 
f 187/250/2434 185/247/2435 186/249/2436 
f 189/253/2437 187/250/2438 188/252/2439 
f 189/253/2440 190/255/2441 192/258/2442 
f 177/233/2443 191/256/2444 192/258/2445 
f 481/675/2446 483/678/2447 484/680/2448 
f 483/678/2449 485/681/2450 486/683/2451 
f 486/684/2452 485/682/2453 487/686/2454 
f 488/687/2455 487/686/2456 489/689/2457 
f 490/690/2458 489/689/2459 491/692/2460 
f 492/694/2461 491/692/2462 493/695/2463 
f 494/697/2464 493/695/2465 495/698/2466 
f 495/698/2467 481/675/2468 482/677/2469 
f 179/236/2470 178/235/2471 180/238/2472 
f 179/236/2473 182/242/2474 181/240/2475 
f 183/244/2476 182/243/2477 184/246/2478 
f 185/247/2479 184/246/2480 186/249/2481 
f 187/250/2482 186/249/2483 188/252/2484 
f 189/253/2485 188/252/2486 190/255/2487 
f 189/253/2488 192/258/2489 191/256/2490 
f 177/233/2491 192/258/2492 178/235/2493 
f 481/675/2494 484/680/2495 482/677/2496 
f 483/678/2497 486/683/2498 484/680/2499 
f 486/684/2500 487/686/2501 488/687/2502 
f 488/687/2503 489/689/2504 490/690/2505 
f 490/690/2506 491/692/2507 492/694/2508 
f 492/694/2509 493/695/2510 494/697/2511 
f 494/697/2512 495/698/2513 496/700/2514 
f 495/698/2515 482/677/2516 496/700/2517 
s 0
f 488/688/2 490/691/2 486/685/2
o Tank
v  -0.2649 2.5000 0.2090
v  -0.0917 2.5000 0.2808
v  -0.0200 2.5000 0.4540
v  -0.0917 2.5000 0.6272
v  -0.2649 2.5000 0.6990
v  -0.4382 2.5000 0.6272
v  -0.5099 2.5000 0.4540
v  -0.4382 2.5000 0.2808
v  -0.2649 3.0000 0.2598
v  -0.2649 2.9375 0.2090
v  -0.1276 3.0000 0.3167
v  -0.0917 2.9375 0.2808
v  -0.0707 3.0000 0.4540
v  -0.0200 2.9375 0.4540
v  -0.1276 3.0000 0.5914
v  -0.0917 2.9375 0.6272
v  -0.2649 3.0000 0.6483
v  -0.2649 2.9375 0.6990
v  -0.4023 3.0000 0.5914
v  -0.4382 2.9375 0.6272
v  -0.4592 3.0000 0.4540
v  -0.5099 2.9375 0.4540
v  -0.4023 3.0000 0.3167
v  -0.4382 2.9375 0.2808
v  -1.0000 2.5000 0.1734
v  -0.7690 2.5000 0.2690
v  -0.6734 2.5000 0.5000
v  -0.7690 2.5000 0.7310
v  -1.0000 2.5000 0.8266
v  -1.2310 2.5000 0.7310
v  -1.3266 2.5000 0.5000
v  -1.2310 2.5000 0.2690
v  -1.0000 3.0000 0.2410
v  -1.0000 2.9375 0.1734
v  -0.8169 3.0000 0.3169
v  -0.7690 2.9375 0.2690
v  -0.7410 3.0000 0.5000
v  -0.6734 2.9375 0.5000
v  -0.8169 3.0000 0.6831
v  -0.7690 2.9375 0.7310
v  -1.0000 3.0000 0.7590
v  -1.0000 2.9375 0.8266
v  -1.1831 3.0000 0.6831
v  -1.2310 2.9375 0.7310
v  -1.2590 3.0000 0.5000
v  -1.3266 2.9375 0.5000
v  -1.1831 3.0000 0.3169
v  -1.2310 2.9375 0.2690
v  -2.0000 1.5000 -1.3984
v  2.0000 1.5000 -1.3984
v  -2.0000 1.0679 -1.3299
v  2.0000 1.0679 -1.3299
v  -2.0000 0.6781 -1.1313
v  2.0000 0.6781 -1.1313
v  -2.0000 0.3687 -0.8219
v  2.0000 0.3687 -0.8219
v  -2.0000 0.1701 -0.4321
v  2.0000 0.1701 -0.4321
v  -2.0000 0.1016 -0.0000
v  2.0000 0.1016 -0.0000
v  -2.0000 0.1701 0.4321
v  2.0000 0.1701 0.4321
v  -2.0000 0.3687 0.8219
v  2.0000 0.3687 0.8219
v  -2.0000 0.6781 1.1313
v  2.0000 0.6781 1.1313
v  -2.0000 1.0679 1.3299
v  2.0000 1.0679 1.3299
v  -2.0000 1.5000 1.3984
v  2.0000 1.5000 1.3984
v  -2.0000 1.9321 1.3299
v  2.0000 1.9321 1.3299
v  -2.0000 2.3219 1.1313
v  2.0000 2.3219 1.1313
v  -2.0000 2.6313 0.8219
v  2.0000 2.6313 0.8219
v  -2.0000 2.8299 0.4321
v  2.0000 2.8299 0.4321
v  -2.0000 2.8984 -0.0000
v  2.0000 2.8984 -0.0000
v  -2.0000 2.8299 -0.4321
v  2.0000 2.8299 -0.4321
v  -2.0000 2.6313 -0.8219
v  2.0000 2.6313 -0.8219
v  -2.0000 2.3219 -1.1313
v  2.0000 2.3219 -1.1313
v  -2.0000 1.9321 -1.3299
v  2.0000 1.9321 -1.3299
v  2.2500 1.1759 -0.9974
v  2.2500 1.5000 -1.0488
v  2.2500 1.8241 -0.9974
v  2.2500 2.1164 -0.8485
v  2.2500 2.3485 -0.6164
v  2.2500 2.4974 -0.3241
v  2.2500 2.5488 -0.0000
v  2.2500 2.4974 0.3241
v  2.2500 2.3485 0.6164
v  2.2500 2.1164 0.8485
v  2.2500 1.8241 0.9974
v  2.2500 1.5000 1.0488
v  2.2500 1.1759 0.9974
v  2.2500 0.8836 0.8485
v  2.2500 0.6515 0.6164
v  2.2500 0.5026 0.3241
v  2.2500 0.4512 -0.0000
v  2.2500 0.5026 -0.3241
v  2.2500 0.6515 -0.6164
v  2.2500 0.8836 -0.8485
v  -2.2500 1.5000 -1.0488
v  -2.2500 1.1759 -0.9974
v  -2.2500 0.8836 -0.8485
v  -2.2500 0.6515 -0.6164
v  -2.2500 0.5026 -0.3241
v  -2.2500 0.4512 -0.0000
v  -2.2500 0.5026 0.3241
v  -2.2500 0.6515 0.6164
v  -2.2500 0.8836 0.8485
v  -2.2500 1.1759 0.9974
v  -2.2500 1.5000 1.0488
v  -2.2500 1.8241 0.9974
v  -2.2500 2.1164 0.8485
v  -2.2500 2.3485 0.6164
v  -2.2500 2.4974 0.3241
v  -2.2500 2.5488 -0.0000
v  -2.2500 2.4974 -0.3241
v  -2.2500 2.3485 -0.6164
v  -2.2500 2.1164 -0.8485
v  -2.2500 1.8241 -0.9974
v  2.3750 1.3380 -0.4987
v  2.3750 1.5000 -0.5244
v  2.3750 1.6620 -0.4987
v  2.3750 1.8082 -0.4242
v  2.3750 1.9242 -0.3082
v  2.3750 1.9987 -0.1620
v  2.3750 2.0244 -0.0000
v  2.3750 1.9987 0.1620
v  2.3750 1.9242 0.3082
v  2.3750 1.8082 0.4242
v  2.3750 1.6620 0.4987
v  2.3750 1.5000 0.5244
v  2.3750 1.3380 0.4987
v  2.3750 1.1918 0.4242
v  2.3750 1.0758 0.3082
v  2.3750 1.0013 0.1620
v  2.3750 0.9756 -0.0000
v  2.3750 1.0013 -0.1620
v  2.3750 1.0758 -0.3082
v  2.3750 1.1918 -0.4242
v  -2.3750 1.5000 -0.5244
v  -2.3750 1.3380 -0.4987
v  -2.3750 1.1918 -0.4242
v  -2.3750 1.0758 -0.3082
v  -2.3750 1.0013 -0.1620
v  -2.3750 0.9756 -0.0000
v  -2.3750 1.0013 0.1620
v  -2.3750 1.0758 0.3082
v  -2.3750 1.1918 0.4242
v  -2.3750 1.3380 0.4987
v  -2.3750 1.5000 0.5244
v  -2.3750 1.6620 0.4987
v  -2.3750 1.8082 0.4242
v  -2.3750 1.9242 0.3082
v  -2.3750 1.9987 0.1620
v  -2.3750 2.0244 -0.0000
v  -2.3750 1.9987 -0.1620
v  -2.3750 1.9242 -0.3082
v  -2.3750 1.8082 -0.4242
v  -2.3750 1.6620 -0.4987
v  1.9375 1.5000 -1.2823
v  2.0625 1.5000 -1.2823
v  1.9375 1.1038 -1.2195
v  2.0625 1.1038 -1.2195
v  1.9375 0.7463 -1.0374
v  2.0625 0.7463 -1.0374
v  1.9375 0.4626 -0.7537
v  2.0625 0.4626 -0.7537
v  1.9375 0.2805 -0.3962
v  2.0625 0.2805 -0.3962
v  1.9375 0.2177 -0.0000
v  2.0625 0.2177 -0.0000
v  1.9375 0.2805 0.3962
v  2.0625 0.2805 0.3962
v  1.9375 0.4626 0.7537
v  2.0625 0.4626 0.7537
v  1.9375 0.7463 1.0374
v  2.0625 0.7463 1.0374
v  1.9375 1.1038 1.2195
v  2.0625 1.1038 1.2195
v  1.9375 1.5000 1.2823
v  2.0625 1.5000 1.2823
v  1.9375 1.8962 1.2195
v  2.0625 1.8962 1.2195
v  1.9375 2.2537 1.0374
v  2.0625 2.2537 1.0374
v  1.9375 2.5374 0.7537
v  2.0625 2.5374 0.7537
v  1.9375 2.7195 0.3962
v  2.0625 2.7195 0.3962
v  1.9375 2.7823 -0.0000
v  2.0625 2.7823 -0.0000
v  1.9375 2.7195 -0.3962
v  2.0625 2.7195 -0.3962
v  1.9375 2.5374 -0.7537
v  2.0625 2.5374 -0.7537
v  1.9375 2.2537 -1.0374
v  2.0625 2.2537 -1.0374
v  1.9375 1.8962 -1.2195
v  2.0625 1.8962 -1.2195
v  1.9375 1.5000 -1.4857
v  1.9375 1.0409 -1.4130
v  2.0625 1.0409 -1.4130
v  2.0625 1.5000 -1.4857
v  1.9375 0.6267 -1.2020
v  2.0625 0.6267 -1.2020
v  1.9375 0.2980 -0.8733
v  2.0625 0.2980 -0.8733
v  1.9375 0.0870 -0.4591
v  2.0625 0.0870 -0.4591
v  1.9375 0.0143 -0.0000
v  2.0625 0.0143 -0.0000
v  1.9375 0.0870 0.4591
v  2.0625 0.0870 0.4591
v  1.9375 0.2980 0.8733
v  2.0625 0.2980 0.8733
v  1.9375 0.6267 1.2020
v  2.0625 0.6267 1.2020
v  1.9375 1.0409 1.4130
v  2.0625 1.0409 1.4130
v  1.9375 1.5000 1.4857
v  2.0625 1.5000 1.4857
v  1.9375 1.9591 1.4130
v  2.0625 1.9591 1.4130
v  1.9375 2.3733 1.2020
v  2.0625 2.3733 1.2020
v  1.9375 2.7020 0.8733
v  2.0625 2.7020 0.8733
v  1.9375 2.9130 0.4591
v  2.0625 2.9130 0.4591
v  1.9375 2.9857 -0.0000
v  2.0625 2.9857 -0.0000
v  1.9375 2.9130 -0.4591
v  2.0625 2.9130 -0.4591
v  1.9375 2.7020 -0.8733
v  2.0625 2.7020 -0.8733
v  1.9375 2.3733 -1.2020
v  2.0625 2.3733 -1.2020
v  1.9375 1.9591 -1.4130
v  2.0625 1.9591 -1.4130
v  -2.0625 1.5000 -1.2823
v  -1.9375 1.5000 -1.2823
v  -2.0625 1.1038 -1.2195
v  -1.9375 1.1038 -1.2195
v  -2.0625 0.7463 -1.0374
v  -1.9375 0.7463 -1.0374
v  -2.0625 0.4626 -0.7537
v  -1.9375 0.4626 -0.7537
v  -2.0625 0.2805 -0.3962
v  -1.9375 0.2805 -0.3962
v  -2.0625 0.2177 -0.0000
v  -1.9375 0.2177 -0.0000
v  -2.0625 0.2805 0.3962
v  -1.9375 0.2805 0.3962
v  -2.0625 0.4626 0.7537
v  -1.9375 0.4626 0.7537
v  -2.0625 0.7463 1.0374
v  -1.9375 0.7463 1.0374
v  -2.0625 1.1038 1.2195
v  -1.9375 1.1038 1.2195
v  -2.0625 1.5000 1.2823
v  -1.9375 1.5000 1.2823
v  -2.0625 1.8962 1.2195
v  -1.9375 1.8962 1.2195
v  -2.0625 2.2537 1.0374
v  -1.9375 2.2537 1.0374
v  -2.0625 2.5374 0.7537
v  -1.9375 2.5374 0.7537
v  -2.0625 2.7195 0.3962
v  -1.9375 2.7195 0.3962
v  -2.0625 2.7823 -0.0000
v  -1.9375 2.7823 -0.0000
v  -2.0625 2.7195 -0.3962
v  -1.9375 2.7195 -0.3962
v  -2.0625 2.5374 -0.7537
v  -1.9375 2.5374 -0.7537
v  -2.0625 2.2537 -1.0374
v  -1.9375 2.2537 -1.0374
v  -2.0625 1.8962 -1.2195
v  -1.9375 1.8962 -1.2195
v  -2.0625 1.5000 -1.4857
v  -2.0625 1.0409 -1.4130
v  -1.9375 1.0409 -1.4130
v  -1.9375 1.5000 -1.4857
v  -2.0625 0.6267 -1.2020
v  -1.9375 0.6267 -1.2020
v  -2.0625 0.2980 -0.8733
v  -1.9375 0.2980 -0.8733
v  -2.0625 0.0870 -0.4591
v  -1.9375 0.0870 -0.4591
v  -2.0625 0.0143 -0.0000
v  -1.9375 0.0143 -0.0000
v  -2.0625 0.0870 0.4591
v  -1.9375 0.0870 0.4591
v  -2.0625 0.2980 0.8733
v  -1.9375 0.2980 0.8733
v  -2.0625 0.6267 1.2020
v  -1.9375 0.6267 1.2020
v  -2.0625 1.0409 1.4130
v  -1.9375 1.0409 1.4130
v  -2.0625 1.5000 1.4857
v  -1.9375 1.5000 1.4857
v  -2.0625 1.9591 1.4130
v  -1.9375 1.9591 1.4130
v  -2.0625 2.3733 1.2020
v  -1.9375 2.3733 1.2020
v  -2.0625 2.7020 0.8733
v  -1.9375 2.7020 0.8733
v  -2.0625 2.9130 0.4591
v  -1.9375 2.9130 0.4591
v  -2.0625 2.9857 -0.0000
v  -1.9375 2.9857 -0.0000
v  -2.0625 2.9130 -0.4591
v  -1.9375 2.9130 -0.4591
v  -2.0625 2.7020 -0.8733
v  -1.9375 2.7020 -0.8733
v  -2.0625 2.3733 -1.2020
v  -1.9375 2.3733 -1.2020
v  -2.0625 1.9591 -1.4130
v  -1.9375 1.9591 -1.4130
v  -2.3750 1.5000 -0.0000
v  2.3750 1.5000 -0.0000
vn -0.0000 1.0000 -0.0000
vn -0.0000 1.0000 -0.0000
vn -0.0000 1.0000 -0.0000
vn -0.0000 1.0000 -0.0000
vn -0.0000 1.0000 -0.0000
vn -0.0000 1.0000 -0.0000
vn -1.0000 -0.0000 -0.0000
vn -1.0000 -0.0000 -0.0000
vn -1.0000 -0.0000 -0.0000
vn 1.0000 -0.0000 -0.0000
vn 1.0000 -0.0000 -0.0000
vn 1.0000 -0.0000 -0.0000
vn -1.0000 -0.0000 -0.0000
vn -1.0000 -0.0000 -0.0000
vn -1.0000 -0.0000 -0.0000
vn 1.0000 -0.0000 -0.0000
vn 1.0000 -0.0000 -0.0000
vn 1.0000 -0.0000 -0.0000
vn -1.0000 -0.0000 -0.0000
vn -1.0000 -0.0000 -0.0000
vn -1.0000 -0.0000 -0.0000
vn 1.0000 -0.0000 -0.0000
vn 1.0000 -0.0000 -0.0000
vn 1.0000 -0.0000 -0.0000
vn -1.0000 -0.0000 -0.0000
vn -1.0000 -0.0000 -0.0000
vn -1.0000 -0.0000 -0.0000
vn 1.0000 -0.0000 -0.0000
vn 1.0000 -0.0000 -0.0000
vn 1.0000 -0.0000 -0.0000
vn -1.0000 -0.0000 -0.0000
vn -1.0000 -0.0000 -0.0000
vn -1.0000 -0.0000 -0.0000
vn 1.0000 -0.0000 -0.0000
vn 1.0000 -0.0000 -0.0000
vn 1.0000 -0.0000 -0.0000
vn -1.0000 -0.0000 -0.0000
vn -1.0000 -0.0000 -0.0000
vn -1.0000 -0.0000 -0.0000
vn 1.0000 -0.0000 -0.0000
vn 1.0000 -0.0000 -0.0000
vn 1.0000 -0.0000 -0.0000
vn -1.0000 -0.0000 -0.0000
vn -1.0000 -0.0000 -0.0000
vn -1.0000 -0.0000 -0.0000
vn 1.0000 -0.0000 -0.0000
vn 1.0000 -0.0000 -0.0000
vn 1.0000 -0.0000 -0.0000
vn -1.0000 -0.0000 -0.0000
vn -1.0000 -0.0000 -0.0000
vn -1.0000 -0.0000 -0.0000
vn 1.0000 -0.0000 -0.0000
vn 1.0000 -0.0000 -0.0000
vn 1.0000 -0.0000 -0.0000
vn -1.0000 -0.0000 -0.0000
vn -1.0000 -0.0000 -0.0000
vn -1.0000 -0.0000 -0.0000
vn 1.0000 -0.0000 -0.0000
vn 1.0000 -0.0000 -0.0000
vn 1.0000 -0.0000 -0.0000
vn -1.0000 -0.0000 -0.0000
vn -1.0000 -0.0000 -0.0000
vn -1.0000 -0.0000 -0.0000
vn 1.0000 -0.0000 -0.0000
vn 1.0000 -0.0000 -0.0000
vn 1.0000 -0.0000 -0.0000
vn -1.0000 -0.0000 -0.0000
vn -1.0000 -0.0000 -0.0000
vn -1.0000 -0.0000 -0.0000
vn 1.0000 -0.0000 -0.0000
vn 1.0000 -0.0000 -0.0000
vn 1.0000 -0.0000 -0.0000
vn -1.0000 -0.0000 -0.0000
vn -1.0000 -0.0000 -0.0000
vn -1.0000 -0.0000 -0.0000
vn 1.0000 -0.0000 -0.0000
vn 1.0000 -0.0000 -0.0000
vn 1.0000 -0.0000 -0.0000
vn -1.0000 -0.0000 -0.0000
vn -1.0000 -0.0000 -0.0000
vn -1.0000 -0.0000 -0.0000
vn 1.0000 -0.0000 -0.0000
vn 1.0000 -0.0000 -0.0000
vn 1.0000 -0.0000 -0.0000
vn -1.0000 -0.0000 -0.0000
vn -1.0000 -0.0000 -0.0000
vn -1.0000 -0.0000 -0.0000
vn 1.0000 -0.0000 -0.0000
vn 1.0000 -0.0000 -0.0000
vn 1.0000 -0.0000 -0.0000
vn -1.0000 -0.0000 -0.0000
vn -1.0000 -0.0000 -0.0000
vn -1.0000 -0.0000 -0.0000
vn 1.0000 -0.0000 -0.0000
vn 1.0000 -0.0000 -0.0000
vn 1.0000 -0.0000 -0.0000
vn -1.0000 -0.0000 -0.0000
vn -1.0000 -0.0000 -0.0000
vn -1.0000 -0.0000 -0.0000
vn 1.0000 -0.0000 -0.0000
vn 1.0000 -0.0000 -0.0000
vn 1.0000 -0.0000 -0.0000
vn -1.0000 -0.0000 -0.0000
vn -1.0000 -0.0000 -0.0000
vn -1.0000 -0.0000 -0.0000
vn 1.0000 -0.0000 -0.0000
vn 1.0000 -0.0000 -0.0000
vn 1.0000 -0.0000 -0.0000
vn -1.0000 -0.0000 -0.0000
vn -1.0000 -0.0000 -0.0000
vn -1.0000 -0.0000 -0.0000
vn 1.0000 -0.0000 -0.0000
vn 1.0000 -0.0000 -0.0000
vn 1.0000 -0.0000 -0.0000
vn -1.0000 -0.0000 -0.0000
vn -1.0000 -0.0000 -0.0000
vn -1.0000 -0.0000 -0.0000
vn 1.0000 -0.0000 -0.0000
vn 1.0000 -0.0000 -0.0000
vn 1.0000 -0.0000 -0.0000
vn -1.0000 -0.0000 -0.0000
vn -1.0000 -0.0000 -0.0000
vn -1.0000 -0.0000 -0.0000
vn 1.0000 -0.0000 -0.0000
vn 1.0000 -0.0000 -0.0000
vn 1.0000 -0.0000 -0.0000
vn -1.0000 -0.0000 -0.0000
vn -1.0000 -0.0000 -0.0000
vn -1.0000 -0.0000 -0.0000
vn 1.0000 -0.0000 -0.0000
vn 1.0000 -0.0000 -0.0000
vn 1.0000 -0.0000 -0.0000
vn -1.0000 -0.0000 -0.0000
vn -1.0000 -0.0000 -0.0000
vn -1.0000 -0.0000 -0.0000
vn 1.0000 -0.0000 -0.0000
vn 1.0000 -0.0000 -0.0000
vn 1.0000 -0.0000 -0.0000
vn -1.0000 -0.0000 -0.0000
vn -1.0000 -0.0000 -0.0000
vn -1.0000 -0.0000 -0.0000
vn 1.0000 -0.0000 -0.0000
vn 1.0000 -0.0000 -0.0000
vn 1.0000 -0.0000 -0.0000
vn -1.0000 -0.0000 -0.0000
vn -1.0000 -0.0000 -0.0000
vn -1.0000 -0.0000 -0.0000
vn 1.0000 -0.0000 -0.0000
vn 1.0000 -0.0000 -0.0000
vn 1.0000 -0.0000 -0.0000
vn -1.0000 -0.0000 -0.0000
vn -1.0000 -0.0000 -0.0000
vn -1.0000 -0.0000 -0.0000
vn 1.0000 -0.0000 -0.0000
vn 1.0000 -0.0000 -0.0000
vn 1.0000 -0.0000 -0.0000
vn -1.0000 -0.0000 -0.0000
vn -1.0000 -0.0000 -0.0000
vn -1.0000 -0.0000 -0.0000
vn 1.0000 -0.0000 -0.0000
vn 1.0000 -0.0000 -0.0000
vn 1.0000 -0.0000 -0.0000
vn -1.0000 -0.0000 -0.0000
vn -1.0000 -0.0000 -0.0000
vn -1.0000 -0.0000 -0.0000
vn 1.0000 -0.0000 -0.0000
vn 1.0000 -0.0000 -0.0000
vn 1.0000 -0.0000 -0.0000
vn -1.0000 -0.0000 -0.0000
vn -1.0000 -0.0000 -0.0000
vn -1.0000 -0.0000 -0.0000
vn 1.0000 -0.0000 -0.0000
vn 1.0000 -0.0000 -0.0000
vn 1.0000 -0.0000 -0.0000
vn -1.0000 -0.0000 -0.0000
vn -1.0000 -0.0000 -0.0000
vn -1.0000 -0.0000 -0.0000
vn 1.0000 -0.0000 -0.0000
vn 1.0000 -0.0000 -0.0000
vn 1.0000 -0.0000 -0.0000
vn -1.0000 -0.0000 -0.0000
vn -1.0000 -0.0000 -0.0000
vn -1.0000 -0.0000 -0.0000
vn 1.0000 -0.0000 -0.0000
vn 1.0000 -0.0000 -0.0000
vn 1.0000 -0.0000 -0.0000
vn -1.0000 -0.0000 -0.0000
vn -1.0000 -0.0000 -0.0000
vn -1.0000 -0.0000 -0.0000
vn 1.0000 -0.0000 -0.0000
vn 1.0000 -0.0000 -0.0000
vn 1.0000 -0.0000 -0.0000
vn -1.0000 -0.0000 -0.0000
vn -1.0000 -0.0000 -0.0000
vn -1.0000 -0.0000 -0.0000
vn 1.0000 -0.0000 -0.0000
vn 1.0000 -0.0000 -0.0000
vn 1.0000 -0.0000 -0.0000
vn -1.0000 -0.0000 -0.0000
vn -1.0000 -0.0000 -0.0000
vn -1.0000 -0.0000 -0.0000
vn 1.0000 -0.0000 -0.0000
vn 1.0000 -0.0000 -0.0000
vn 1.0000 -0.0000 -0.0000
vn -1.0000 -0.0000 -0.0000
vn -1.0000 -0.0000 -0.0000
vn -1.0000 -0.0000 -0.0000
vn 1.0000 -0.0000 -0.0000
vn 1.0000 -0.0000 -0.0000
vn 1.0000 -0.0000 -0.0000
vn -1.0000 -0.0000 -0.0000
vn -1.0000 -0.0000 -0.0000
vn -1.0000 -0.0000 -0.0000
vn 1.0000 -0.0000 -0.0000
vn 1.0000 -0.0000 -0.0000
vn 1.0000 -0.0000 -0.0000
vn -1.0000 -0.0000 -0.0000
vn -1.0000 -0.0000 -0.0000
vn -1.0000 -0.0000 -0.0000
vn 1.0000 -0.0000 -0.0000
vn 1.0000 -0.0000 -0.0000
vn 1.0000 -0.0000 -0.0000
vn -1.0000 -0.0000 -0.0000
vn -1.0000 -0.0000 -0.0000
vn -1.0000 -0.0000 -0.0000
vn 1.0000 -0.0000 -0.0000
vn 1.0000 -0.0000 -0.0000
vn 1.0000 -0.0000 -0.0000
vn -1.0000 -0.0000 -0.0000
vn -1.0000 -0.0000 -0.0000
vn -1.0000 -0.0000 -0.0000
vn 1.0000 -0.0000 -0.0000
vn 1.0000 -0.0000 -0.0000
vn 1.0000 -0.0000 -0.0000
vn -1.0000 -0.0000 -0.0000
vn -1.0000 -0.0000 -0.0000
vn -1.0000 -0.0000 -0.0000
vn 1.0000 -0.0000 -0.0000
vn 1.0000 -0.0000 -0.0000
vn 1.0000 -0.0000 -0.0000
vn -1.0000 -0.0000 -0.0000
vn -1.0000 -0.0000 -0.0000
vn -1.0000 -0.0000 -0.0000
vn 1.0000 -0.0000 -0.0000
vn 1.0000 -0.0000 -0.0000
vn 1.0000 -0.0000 -0.0000
vn -0.0000 1.0000 -0.0000
vn -0.0000 1.0000 -0.0000
vn -0.0000 1.0000 -0.0000
vn -0.0000 1.0000 -0.0000
vn -0.0000 1.0000 -0.0000
vn -0.0000 1.0000 -0.0000
vn -0.0000 1.0000 -0.0000
vn -0.0000 1.0000 -0.0000
vn -0.0000 1.0000 -0.0000
vn -0.0000 1.0000 -0.0000
vn -0.0000 1.0000 -0.0000
vn -0.0000 1.0000 -0.0000
vn -0.0000 1.0000 -0.0000
vn -0.0000 1.0000 -0.0000
vn -0.0000 1.0000 -0.0000
vn -0.0000 1.0000 -0.0000
vn -0.0000 1.0000 -0.0000
vn -0.0000 1.0000 -0.0000
vn -0.0000 1.0000 -0.0000
vn -0.0000 1.0000 -0.0000
vn -0.0000 1.0000 -0.0000
vn -0.0000 1.0000 -0.0000
vn -0.0000 1.0000 -0.0000
vn -0.0000 1.0000 -0.0000
vn -0.0000 0.3112 -0.9504
vn -0.0000 -0.0000 -1.0000
vn -0.7071 -0.0000 -0.7071
vn -1.0000 -0.0000 -0.0000
vn -1.0000 -0.0000 -0.0000
vn -1.0000 -0.0000 -0.0000
vn 1.0000 -0.0000 -0.0000
vn 1.0000 -0.0000 -0.0000
vn 1.0000 -0.0000 -0.0000
vn -1.0000 -0.0000 -0.0000
vn -1.0000 -0.0000 -0.0000
vn -1.0000 -0.0000 -0.0000
vn 1.0000 -0.0000 -0.0000
vn 1.0000 -0.0000 -0.0000
vn 1.0000 -0.0000 -0.0000
vn -1.0000 -0.0000 -0.0000
vn -1.0000 -0.0000 -0.0000
vn -1.0000 -0.0000 -0.0000
vn 1.0000 -0.0000 -0.0000
vn 1.0000 -0.0000 -0.0000
vn 1.0000 -0.0000 -0.0000
vn -1.0000 -0.0000 -0.0000
vn -1.0000 -0.0000 -0.0000
vn -1.0000 -0.0000 -0.0000
vn 1.0000 -0.0000 -0.0000
vn 1.0000 -0.0000 -0.0000
vn 1.0000 -0.0000 -0.0000
vn -1.0000 -0.0000 -0.0000
vn -1.0000 -0.0000 -0.0000
vn -1.0000 -0.0000 -0.0000
vn 1.0000 -0.0000 -0.0000
vn 1.0000 -0.0000 -0.0000
vn 1.0000 -0.0000 -0.0000
vn -1.0000 -0.0000 -0.0000
vn -1.0000 -0.0000 -0.0000
vn -1.0000 -0.0000 -0.0000
vn -1.0000 -0.0000 -0.0000
vn -1.0000 -0.0000 -0.0000
vn -1.0000 -0.0000 -0.0000
vn 1.0000 -0.0000 -0.0000
vn 1.0000 -0.0000 -0.0000
vn 1.0000 -0.0000 -0.0000
vn -1.0000 -0.0000 -0.0000
vn -1.0000 -0.0000 -0.0000
vn -1.0000 -0.0000 -0.0000
vn 1.0000 -0.0000 -0.0000
vn 1.0000 -0.0000 -0.0000
vn 1.0000 -0.0000 -0.0000
vn -1.0000 -0.0000 -0.0000
vn -1.0000 -0.0000 -0.0000
vn -1.0000 -0.0000 -0.0000
vn 1.0000 -0.0000 -0.0000
vn 1.0000 -0.0000 -0.0000
vn 1.0000 -0.0000 -0.0000
vn -1.0000 -0.0000 -0.0000
vn -1.0000 -0.0000 -0.0000
vn -1.0000 -0.0000 -0.0000
vn 1.0000 -0.0000 -0.0000
vn 1.0000 -0.0000 -0.0000
vn 1.0000 -0.0000 -0.0000
vn -1.0000 -0.0000 -0.0000
vn -1.0000 -0.0000 -0.0000
vn -1.0000 -0.0000 -0.0000
vn 1.0000 -0.0000 -0.0000
vn 1.0000 -0.0000 -0.0000
vn 1.0000 -0.0000 -0.0000
vn -1.0000 -0.0000 -0.0000
vn -1.0000 -0.0000 -0.0000
vn -1.0000 -0.0000 -0.0000
vn 1.0000 -0.0000 -0.0000
vn 1.0000 -0.0000 -0.0000
vn 1.0000 -0.0000 -0.0000
vn -1.0000 -0.0000 -0.0000
vn -1.0000 -0.0000 -0.0000
vn -1.0000 -0.0000 -0.0000
vn 1.0000 -0.0000 -0.0000
vn 1.0000 -0.0000 -0.0000
vn 1.0000 -0.0000 -0.0000
vn -1.0000 -0.0000 -0.0000
vn -1.0000 -0.0000 -0.0000
vn -1.0000 -0.0000 -0.0000
vn 1.0000 -0.0000 -0.0000
vn 1.0000 -0.0000 -0.0000
vn 1.0000 -0.0000 -0.0000
vn -1.0000 -0.0000 -0.0000
vn -1.0000 -0.0000 -0.0000
vn -1.0000 -0.0000 -0.0000
vn 1.0000 -0.0000 -0.0000
vn 1.0000 -0.0000 -0.0000
vn 1.0000 -0.0000 -0.0000
vn -1.0000 -0.0000 -0.0000
vn -1.0000 -0.0000 -0.0000
vn -1.0000 -0.0000 -0.0000
vn 1.0000 -0.0000 -0.0000
vn 1.0000 -0.0000 -0.0000
vn 1.0000 -0.0000 -0.0000
vn -1.0000 -0.0000 -0.0000
vn -1.0000 -0.0000 -0.0000
vn -1.0000 -0.0000 -0.0000
vn 1.0000 -0.0000 -0.0000
vn 1.0000 -0.0000 -0.0000
vn 1.0000 -0.0000 -0.0000
vn -1.0000 -0.0000 -0.0000
vn -1.0000 -0.0000 -0.0000
vn -1.0000 -0.0000 -0.0000
vn 1.0000 -0.0000 -0.0000
vn 1.0000 -0.0000 -0.0000
vn 1.0000 -0.0000 -0.0000
vn -1.0000 -0.0000 -0.0000
vn -1.0000 -0.0000 -0.0000
vn -1.0000 -0.0000 -0.0000
vn 1.0000 -0.0000 -0.0000
vn 1.0000 -0.0000 -0.0000
vn 1.0000 -0.0000 -0.0000
vn -1.0000 -0.0000 -0.0000
vn -1.0000 -0.0000 -0.0000
vn -1.0000 -0.0000 -0.0000
vn 1.0000 -0.0000 -0.0000
vn 1.0000 -0.0000 -0.0000
vn 1.0000 -0.0000 -0.0000
vn -1.0000 -0.0000 -0.0000
vn -1.0000 -0.0000 -0.0000
vn -1.0000 -0.0000 -0.0000
vn 1.0000 -0.0000 -0.0000
vn 1.0000 -0.0000 -0.0000
vn 1.0000 -0.0000 -0.0000
vn -1.0000 -0.0000 -0.0000
vn -1.0000 -0.0000 -0.0000
vn -1.0000 -0.0000 -0.0000
vn 1.0000 -0.0000 -0.0000
vn 1.0000 -0.0000 -0.0000
vn 1.0000 -0.0000 -0.0000
vn -1.0000 -0.0000 -0.0000
vn -1.0000 -0.0000 -0.0000
vn -1.0000 -0.0000 -0.0000
vn 1.0000 -0.0000 -0.0000
vn 1.0000 -0.0000 -0.0000
vn 1.0000 -0.0000 -0.0000
vn 0.6736 -0.0000 -0.7391
vn -0.6736 -0.0000 -0.7391
vn -0.6735 0.2284 -0.7030
vn 1.0000 -0.0000 -0.0000
vn 1.0000 -0.0000 -0.0000
vn 1.0000 -0.0000 -0.0000
vn -1.0000 -0.0000 -0.0000
vn -1.0000 -0.0000 -0.0000
vn -1.0000 -0.0000 -0.0000
vn 1.0000 -0.0000 -0.0000
vn 1.0000 -0.0000 -0.0000
vn 1.0000 -0.0000 -0.0000
vn -1.0000 -0.0000 -0.0000
vn -1.0000 -0.0000 -0.0000
vn -1.0000 -0.0000 -0.0000
vn 1.0000 -0.0000 -0.0000
vn 1.0000 -0.0000 -0.0000
vn 1.0000 -0.0000 -0.0000
vn -1.0000 -0.0000 -0.0000
vn -1.0000 -0.0000 -0.0000
vn -1.0000 -0.0000 -0.0000
vn 1.0000 -0.0000 -0.0000
vn 1.0000 -0.0000 -0.0000
vn 1.0000 -0.0000 -0.0000
vn -1.0000 -0.0000 -0.0000
vn -1.0000 -0.0000 -0.0000
vn -1.0000 -0.0000 -0.0000
vn 1.0000 -0.0000 -0.0000
vn 1.0000 -0.0000 -0.0000
vn 1.0000 -0.0000 -0.0000
vn -1.0000 -0.0000 -0.0000
vn -1.0000 -0.0000 -0.0000
vn -1.0000 -0.0000 -0.0000
vn 1.0000 -0.0000 -0.0000
vn 1.0000 -0.0000 -0.0000
vn 1.0000 -0.0000 -0.0000
vn -1.0000 -0.0000 -0.0000
vn -1.0000 -0.0000 -0.0000
vn -1.0000 -0.0000 -0.0000
vn 1.0000 -0.0000 -0.0000
vn 1.0000 -0.0000 -0.0000
vn 1.0000 -0.0000 -0.0000
vn -1.0000 -0.0000 -0.0000
vn -1.0000 -0.0000 -0.0000
vn -1.0000 -0.0000 -0.0000
vn 1.0000 -0.0000 -0.0000
vn 1.0000 -0.0000 -0.0000
vn 1.0000 -0.0000 -0.0000
vn -1.0000 -0.0000 -0.0000
vn -1.0000 -0.0000 -0.0000
vn -1.0000 -0.0000 -0.0000
vn 1.0000 -0.0000 -0.0000
vn 1.0000 -0.0000 -0.0000
vn 1.0000 -0.0000 -0.0000
vn -1.0000 -0.0000 -0.0000
vn -1.0000 -0.0000 -0.0000
vn -1.0000 -0.0000 -0.0000
vn 1.0000 -0.0000 -0.0000
vn 1.0000 -0.0000 -0.0000
vn 1.0000 -0.0000 -0.0000
vn -1.0000 -0.0000 -0.0000
vn -1.0000 -0.0000 -0.0000
vn -1.0000 -0.0000 -0.0000
vn 1.0000 -0.0000 -0.0000
vn 1.0000 -0.0000 -0.0000
vn 1.0000 -0.0000 -0.0000
vn -1.0000 -0.0000 -0.0000
vn -1.0000 -0.0000 -0.0000
vn -1.0000 -0.0000 -0.0000
vn 1.0000 -0.0000 -0.0000
vn 1.0000 -0.0000 -0.0000
vn 1.0000 -0.0000 -0.0000
vn -1.0000 -0.0000 -0.0000
vn -1.0000 -0.0000 -0.0000
vn -1.0000 -0.0000 -0.0000
vn 1.0000 -0.0000 -0.0000
vn 1.0000 -0.0000 -0.0000
vn 1.0000 -0.0000 -0.0000
vn -1.0000 -0.0000 -0.0000
vn -1.0000 -0.0000 -0.0000
vn -1.0000 -0.0000 -0.0000
vn 1.0000 -0.0000 -0.0000
vn 1.0000 -0.0000 -0.0000
vn 1.0000 -0.0000 -0.0000
vn -1.0000 -0.0000 -0.0000
vn -1.0000 -0.0000 -0.0000
vn -1.0000 -0.0000 -0.0000
vn 1.0000 -0.0000 -0.0000
vn 1.0000 -0.0000 -0.0000
vn 1.0000 -0.0000 -0.0000
vn -1.0000 -0.0000 -0.0000
vn -1.0000 -0.0000 -0.0000
vn -1.0000 -0.0000 -0.0000
vn 1.0000 -0.0000 -0.0000
vn 1.0000 -0.0000 -0.0000
vn 1.0000 -0.0000 -0.0000
vn -1.0000 -0.0000 -0.0000
vn -1.0000 -0.0000 -0.0000
vn -1.0000 -0.0000 -0.0000
vn 1.0000 -0.0000 -0.0000
vn 1.0000 -0.0000 -0.0000
vn 1.0000 -0.0000 -0.0000
vn 0.9504 0.3112 -0.0000
vn 1.0000 -0.0000 -0.0000
vn 0.7071 -0.0000 -0.7071
vn -0.6720 0.3112 0.6720
vn -0.7071 -0.0000 0.7071
vn -0.0000 -0.0000 1.0000
vn -0.9504 0.3112 -0.0000
vn -1.0000 -0.0000 -0.0000
vn -0.7071 -0.0000 0.7071
vn -0.6720 0.3112 -0.6720
vn -0.7071 -0.0000 -0.7071
vn -1.0000 -0.0000 -0.0000
vn -0.6720 0.3112 0.6720
vn -0.9504 0.3112 -0.0000
vn -0.7071 -0.0000 0.7071
vn -0.0000 0.3689 -0.9295
vn -0.0000 -0.0000 -1.0000
vn -0.7071 -0.0000 -0.7071
vn 0.6720 0.3112 0.6720
vn 0.7071 -0.0000 0.7071
vn 1.0000 -0.0000 -0.0000
vn -0.0000 0.3112 0.9504
vn -0.0000 -0.0000 1.0000
vn 0.7071 -0.0000 0.7071
vn 0.3600 0.8607 0.3600
vn -0.0000 0.8607 0.5092
vn -0.0000 0.3112 0.9504
vn -0.3600 0.8607 -0.3600
vn -0.0000 0.8607 -0.5092
vn -0.0000 0.3112 -0.9504
vn -0.9504 0.3112 -0.0000
vn -0.6720 0.3112 0.6720
vn -0.3600 0.8607 0.3600
vn 0.9504 0.3112 -0.0000
vn 0.5092 0.8607 -0.0000
vn 0.3600 0.8607 0.3600
vn -0.3600 0.8607 -0.3600
vn -0.6720 0.3112 -0.6720
vn -0.9504 0.3112 -0.0000
vn 0.3600 0.8607 -0.3600
vn 0.5092 0.8607 -0.0000
vn 0.9504 0.3112 -0.0000
vn 0.6720 0.3112 0.6720
vn 0.3600 0.8607 0.3600
vn -0.0000 0.3112 0.9504
vn -0.0000 0.3112 -0.9504
vn -0.0000 0.8607 -0.5092
vn 0.3600 0.8607 -0.3600
vn 0.9295 0.3689 -0.0000
vn 1.0000 -0.0000 -0.0000
vn 0.7071 -0.0000 -0.7071
vn -0.6572 0.3689 -0.6572
vn -0.7071 -0.0000 -0.7071
vn -1.0000 -0.0000 -0.0000
vn -0.9295 0.3688 -0.0000
vn -1.0000 -0.0000 -0.0000
vn -0.7071 -0.0000 0.7071
vn 0.6572 0.3689 -0.6572
vn 0.7071 -0.0000 -0.7071
vn -0.0000 -0.0000 -1.0000
vn 0.9504 0.3112 -0.0000
vn 0.6720 0.3112 0.6720
vn 1.0000 -0.0000 -0.0000
vn -0.6572 0.3689 0.6572
vn -0.7071 -0.0000 0.7071
vn -0.0000 -0.0000 1.0000
vn -0.9295 0.3688 -0.0000
vn -0.6572 0.3689 -0.6572
vn -1.0000 -0.0000 -0.0000
vn -0.0000 0.3689 0.9295
vn -0.0000 -0.0000 1.0000
vn 0.7071 -0.0000 0.7071
vn -0.4377 0.8991 -0.0000
vn -0.3095 0.8991 -0.3095
vn -0.6572 0.3689 -0.6572
vn -0.0000 0.3689 0.9295
vn 0.6572 0.3689 0.6572
vn -0.0000 0.8991 0.4378
vn -0.6572 0.3689 0.6572
vn -0.0000 0.3689 0.9295
vn -0.0000 0.8991 0.4378
vn 0.6572 0.3689 0.6572
vn 0.3095 0.8991 0.3095
vn -0.0000 0.8991 0.4378
vn 0.6572 0.3689 -0.6572
vn 0.3095 0.8991 -0.3095
vn 0.4378 0.8991 -0.0000
vn -0.9295 0.3688 -0.0000
vn -0.4377 0.8991 -0.0000
vn -0.6572 0.3689 -0.6572
vn 0.4378 0.8991 -0.0000
vn 0.3095 0.8991 0.3095
vn 0.6572 0.3689 0.6572
vn -0.6572 0.3689 0.6572
vn -0.3095 0.8991 0.3095
vn -0.4377 0.8991 -0.0000
vn 0.4398 -0.5279 0.7266
vn 0.4398 -0.2775 0.8542
vn -0.4398 -0.2775 0.8542
vn 0.4398 -0.5279 0.7266
vn -0.4398 -0.5279 0.7266
vn -0.4398 -0.7266 0.5279
vn 0.4398 -0.0000 0.8981
vn 0.4398 0.2775 0.8542
vn -0.4398 0.2775 0.8542
vn 0.4398 0.5279 0.7266
vn -0.4398 0.5279 0.7266
vn -0.4398 0.2775 0.8542
vn -0.4398 0.5279 0.7266
vn 0.4398 0.5279 0.7266
vn -0.4398 0.7266 0.5279
vn 0.4398 -0.5279 -0.7266
vn 0.4398 -0.7266 -0.5279
vn -0.4398 -0.7266 -0.5279
vn 0.4398 0.5279 -0.7266
vn 0.4398 0.2775 -0.8542
vn -0.4398 0.2775 -0.8542
vn 0.4398 0.8542 -0.2775
vn -0.4398 0.8542 -0.2775
vn -0.4398 0.8981 -0.0000
vn 0.4398 0.5279 0.7266
vn 0.4398 0.7266 0.5279
vn -0.4398 0.7266 0.5279
vn 0.4398 0.5279 -0.7266
vn -0.4398 0.5279 -0.7266
vn -0.4398 0.7266 -0.5279
vn -0.4398 -0.2775 -0.8542
vn 0.4398 -0.2775 -0.8542
vn 0.4398 -0.5279 -0.7266
vn 0.4398 -0.0000 -0.8981
vn 0.4398 -0.2775 -0.8542
vn -0.4398 -0.2775 -0.8542
vn 0.4398 -0.8542 0.2775
vn -0.4398 -0.8542 0.2775
vn -0.4398 -0.8981 -0.0000
vn -0.4398 0.7266 0.5279
vn 0.4398 0.8542 0.2775
vn -0.4398 0.8542 0.2775
vn 0.4398 0.8542 0.2775
vn -0.4398 0.8981 -0.0000
vn -0.4398 0.8542 0.2775
vn 0.4398 -0.8542 -0.2775
vn 0.4398 -0.8981 -0.0000
vn -0.4398 -0.8981 -0.0000
vn 0.4398 -0.0000 0.8981
vn -0.4398 -0.0000 0.8981
vn -0.4398 -0.2775 0.8542
vn 0.4398 -0.8542 0.2775
vn 0.4398 -0.7266 0.5279
vn -0.4398 -0.7266 0.5279
vn 0.4398 -0.8542 -0.2775
vn -0.4398 -0.8542 -0.2775
vn -0.4398 -0.7266 -0.5279
vn 0.4398 0.8542 -0.2775
vn 0.4398 0.7266 -0.5279
vn -0.4398 0.7266 -0.5279
vn 0.9027 -0.1329 -0.4091
vn 0.9027 -0.2528 -0.3480
vn 0.4398 -0.5279 -0.7266
vn 0.9027 0.1329 -0.4091
vn 0.4398 0.2775 -0.8542
vn 0.4398 0.5279 -0.7266
vn 0.9027 0.2528 -0.3480
vn 0.9027 0.1329 -0.4091
vn 0.4398 0.5279 -0.7266
vn 0.9027 0.2528 0.3480
vn 0.4398 0.5279 0.7266
vn 0.4398 0.2775 0.8542
vn 0.9027 0.4091 -0.1329
vn 0.4398 0.7266 -0.5279
vn 0.4398 0.8542 -0.2775
vn 0.9027 0.2528 -0.3480
vn 0.4398 0.5279 -0.7266
vn 0.4398 0.7266 -0.5279
vn 0.9027 0.4091 0.1329
vn 0.4398 0.8981 -0.0000
vn 0.4398 0.8542 0.2775
vn 0.9027 0.3480 -0.2528
vn 0.9027 0.2528 -0.3480
vn 0.4398 0.7266 -0.5279
vn 0.9027 0.4091 -0.1329
vn 0.4398 0.8542 -0.2775
vn 0.4398 0.8981 -0.0000
vn 0.4398 0.7266 0.5279
vn 0.9027 0.3480 0.2528
vn 0.9027 0.4091 0.1329
vn 0.9027 -0.2528 -0.3480
vn 0.9027 -0.3480 -0.2528
vn 0.4398 -0.7266 -0.5279
vn 0.9027 -0.1329 0.4091
vn 0.4398 -0.2775 0.8542
vn 0.4398 -0.5279 0.7266
vn 0.4398 -0.2775 0.8542
vn 0.9027 -0.1329 0.4091
vn 0.4398 -0.0000 0.8981
vn 0.4398 -0.7266 0.5279
vn 0.9027 -0.2528 0.3480
vn 0.4398 -0.5279 0.7266
vn 0.4398 -0.8981 -0.0000
vn 0.9027 -0.4091 0.1329
vn 0.4398 -0.8542 0.2775
vn 0.9027 -0.4091 0.1329
vn 0.9027 -0.3480 0.2528
vn 0.4398 -0.7266 0.5279
vn 0.4398 -0.7266 -0.5279
vn 0.9027 -0.4091 -0.1329
vn 0.4398 -0.8542 -0.2775
vn 0.9027 -0.4091 -0.1329
vn 0.9027 -0.4302 -0.0000
vn 0.4398 -0.8981 -0.0000
vn 0.9027 0.1329 -0.4091
vn 0.9027 -0.0000 -0.4302
vn 0.4398 -0.0000 -0.8981
vn -0.9027 -0.1329 -0.4091
vn -0.9027 -0.0000 -0.4302
vn -0.4398 -0.2775 -0.8542
vn -0.9027 -0.1329 0.4091
vn -0.4398 -0.2775 0.8542
vn -0.4398 -0.0000 0.8981
vn -0.9027 -0.3480 -0.2528
vn -0.4398 -0.5279 -0.7266
vn -0.4398 -0.7266 -0.5279
vn -0.9027 0.1329 0.4091
vn -0.4398 0.2775 0.8542
vn -0.4398 0.5279 0.7266
vn -0.9027 -0.4302 -0.0000
vn -0.4398 -0.8981 -0.0000
vn -0.4398 -0.8542 0.2775
vn -0.9027 0.3480 0.2528
vn -0.9027 0.2528 0.3480
vn -0.4398 0.5279 0.7266
vn -0.9027 -0.3480 0.2528
vn -0.4398 -0.8542 0.2775
vn -0.4398 -0.7266 0.5279
vn -0.4398 0.7266 -0.5279
vn -0.9027 0.3480 -0.2528
vn -0.4398 0.8542 -0.2775
vn -0.9027 -0.1329 0.4091
vn -0.9027 -0.2528 0.3480
vn -0.4398 -0.2775 0.8542
vn -0.9027 0.3480 -0.2528
vn -0.9027 0.4091 -0.1329
vn -0.4398 0.8542 -0.2775
vn -0.9027 0.1329 0.4091
vn -0.9027 -0.0000 0.4302
vn -0.4398 0.2775 0.8542
vn -0.9027 0.1329 -0.4091
vn -0.9027 0.2528 -0.3480
vn -0.4398 0.5279 -0.7266
vn -0.9027 -0.3480 0.2528
vn -0.4398 -0.7266 0.5279
vn -0.4398 -0.5279 0.7266
vn -0.4398 0.8542 0.2775
vn -0.9027 0.4091 0.1329
vn -0.4398 0.7266 0.5279
vn -0.9027 0.4302 -0.0000
vn -0.4398 0.8542 0.2775
vn -0.4398 0.8981 -0.0000
vn -0.4398 0.8542 -0.2775
vn -0.9027 0.4091 -0.1329
vn -0.4398 0.8981 -0.0000
vn -0.9027 -0.3480 -0.2528
vn -0.4398 -0.7266 -0.5279
vn -0.4398 -0.8542 -0.2775
vn -0.4398 0.5279 -0.7266
vn -0.9027 0.2528 -0.3480
vn -0.4398 0.7266 -0.5279
vn -0.9027 -0.4302 -0.0000
vn -0.9027 -0.4091 -0.1329
vn -0.4398 -0.8542 -0.2775
vn -0.4398 -0.0000 -0.8981
vn -0.9027 -0.0000 -0.4302
vn -0.4398 0.2775 -0.8542
vn 0.9917 -0.1219 -0.0396
vn 0.9917 -0.1037 -0.0754
vn 1.0000 0.0000 -0.0000
vn 0.9027 -0.1329 -0.4091
vn 0.9917 -0.0396 -0.1219
vn 0.9917 -0.0754 -0.1037
vn 0.9917 0.0754 -0.1037
vn 0.9917 0.0396 -0.1219
vn 0.9027 0.1329 -0.4091
vn 0.9917 0.1219 -0.0396
vn 0.9917 0.1037 -0.0754
vn 0.9027 0.3480 -0.2528
vn 0.9917 -0.0754 -0.1037
vn 0.9917 -0.1037 -0.0754
vn 0.9027 -0.3480 -0.2528
vn 0.9917 0.1219 0.0396
vn 0.9917 0.1282 -0.0000
vn 0.9027 0.4302 -0.0000
vn 0.9917 0.1219 0.0396
vn 0.9027 0.4091 0.1329
vn 0.9027 0.3480 0.2528
vn 0.9027 -0.2528 0.3480
vn 0.9917 -0.0754 0.1037
vn 0.9027 -0.1329 0.4091
vn 0.9917 -0.1037 0.0754
vn 0.9917 -0.0754 0.1037
vn 0.9027 -0.3480 0.2528
vn 0.9917 -0.0000 0.1282
vn 0.9917 0.0396 0.1219
vn 0.9027 0.1329 0.4091
vn 0.9917 -0.0000 0.1282
vn 0.9027 -0.0000 0.4302
vn 0.9027 -0.1329 0.4091
vn 0.9917 -0.0754 0.1037
vn 0.9917 -0.0396 0.1219
vn 0.9027 -0.1329 0.4091
vn 0.9917 -0.0754 0.1037
vn 0.9027 -0.2528 0.3480
vn 0.9027 -0.3480 0.2528
vn 0.9917 -0.0000 -0.1282
vn 0.9917 -0.0396 -0.1219
vn 0.9027 -0.1329 -0.4091
vn 0.9917 -0.1219 -0.0396
vn 0.9027 -0.4091 -0.1329
vn 0.9027 -0.3480 -0.2528
vn 0.9917 -0.1219 0.0396
vn 0.9027 -0.3480 0.2528
vn 0.9027 -0.4091 0.1329
vn 0.9027 -0.4302 -0.0000
vn 0.9917 -0.1219 0.0396
vn 0.9027 -0.4091 0.1329
vn 0.9917 -0.1219 -0.0396
vn 0.9027 -0.4302 -0.0000
vn 0.9027 -0.4091 -0.1329
vn 0.9917 0.0754 -0.1037
vn 0.9027 0.2528 -0.3480
vn 0.9027 0.3480 -0.2528
vn 0.9917 0.1219 -0.0396
vn 0.9027 0.4091 -0.1329
vn 0.9027 0.4302 -0.0000
vn 0.9027 0.1329 -0.4091
vn 0.9917 0.0396 -0.1219
vn 0.9917 -0.0000 -0.1282
vn -0.9917 -0.1037 0.0754
vn -0.9917 -0.0754 0.1037
vn -1.0000 0.0000 -0.0000
vn -0.9917 -0.0396 -0.1219
vn -0.9027 -0.1329 -0.4091
vn -0.9027 -0.2528 -0.3480
vn -0.9917 0.1037 -0.0754
vn -0.9917 0.1219 -0.0396
vn -0.9027 0.4091 -0.1329
vn -0.9917 -0.1037 -0.0754
vn -0.9027 -0.2528 -0.3480
vn -0.9027 -0.3480 -0.2528
vn -0.9027 0.3480 -0.2528
vn -0.9917 0.1037 -0.0754
vn -0.9027 0.4091 -0.1329
vn -0.9917 -0.1282 0.0000
vn -0.9027 -0.4091 -0.1329
vn -0.9027 -0.4302 -0.0000
vn -0.9027 -0.4091 0.1329
vn -0.9917 -0.1282 0.0000
vn -0.9027 -0.4302 -0.0000
vn -0.9917 -0.0396 0.1219
vn -0.9027 -0.1329 0.4091
vn -0.9027 -0.0000 0.4302
vn -0.9917 -0.0396 0.1219
vn -0.9917 -0.0754 0.1037
vn -0.9027 -0.1329 0.4091
vn -0.9917 0.0396 0.1219
vn -0.9027 0.1329 0.4091
vn -0.9027 0.2528 0.3480
vn -0.9917 0.0396 0.1219
vn -0.9917 0.0000 0.1282
vn -0.9027 0.1329 0.4091
vn -0.9917 0.1037 0.0754
vn -0.9917 0.0754 0.1037
vn -0.9027 0.2528 0.3480
vn -0.9917 0.1037 0.0754
vn -0.9027 0.3480 0.2528
vn -0.9027 0.4091 0.1329
vn -0.9917 -0.0396 -0.1219
vn -0.9917 -0.0000 -0.1282
vn -0.9027 -0.0000 -0.4302
vn -0.9917 0.1282 -0.0000
vn -0.9917 0.1219 0.0396
vn -0.9027 0.4302 -0.0000
vn -0.9027 0.4091 -0.1329
vn -0.9917 0.1219 -0.0396
vn -0.9027 0.4302 -0.0000
vn -0.9917 0.0396 -0.1219
vn -0.9027 0.1329 -0.4091
vn -0.9027 -0.0000 -0.4302
vn -0.9027 0.2528 -0.3480
vn -0.9917 0.0754 -0.1037
vn -0.9027 0.3480 -0.2528
vn -0.9917 0.0396 -0.1219
vn -0.9917 0.0754 -0.1037
vn -0.9027 0.1329 -0.4091
vn -0.9917 -0.1037 -0.0754
vn -0.9027 -0.3480 -0.2528
vn -0.9027 -0.4091 -0.1329
vn 0.6735 0.5982 -0.4343
vn -0.6735 0.5980 -0.4345
vn -0.6735 0.7031 -0.2283
vn 0.6735 0.4345 -0.5980
vn -0.6735 0.4345 -0.5980
vn -0.6735 0.5980 -0.4345
vn 0.6735 0.2284 -0.7030
vn -0.6735 0.2284 -0.7030
vn -0.6735 0.4345 -0.5980
vn 0.6735 0.4346 0.5979
vn 0.6735 0.5981 0.4344
vn -0.6735 0.5981 0.4344
vn 0.6735 -0.7391 -0.0000
vn 0.6735 -0.7030 0.2284
vn -0.6735 -0.7030 0.2284
vn 0.6735 0.5981 0.4344
vn 0.6735 0.7030 0.2284
vn -0.6735 0.7030 0.2284
vn -0.6735 0.5981 0.4344
vn 0.6735 0.5981 0.4344
vn -0.6735 0.7030 0.2284
vn 0.6735 0.7029 -0.2286
vn -0.6735 0.7031 -0.2283
vn -0.6735 0.7391 -0.0000
vn 0.6736 -0.0000 -0.7391
vn -0.6736 -0.0000 -0.7391
vn -0.6735 0.2284 -0.7030
vn 0.6735 -0.5980 -0.4345
vn -0.6735 -0.5980 -0.4345
vn -0.6735 -0.4345 -0.5980
vn 0.6735 -0.7030 -0.2284
vn -0.6735 -0.7030 -0.2284
vn -0.6735 -0.5980 -0.4345
vn 0.6735 -0.7391 -0.0000
vn -0.6735 -0.7391 -0.0000
vn -0.6735 -0.7030 -0.2284
vn 0.6735 -0.7030 0.2284
vn 0.6735 -0.5981 0.4343
vn -0.6735 -0.5979 0.4346
vn 0.6735 -0.5981 0.4343
vn 0.6735 -0.4344 0.5981
vn -0.6735 -0.4345 0.5980
vn 0.6735 0.7030 0.2284
vn -0.6735 0.7391 -0.0000
vn -0.6735 0.7030 0.2284
vn 0.6735 0.2284 -0.7030
vn 0.6736 -0.0000 -0.7391
vn -0.6735 0.2284 -0.7030
vn 0.6735 -0.2284 0.7030
vn 0.6736 -0.0000 0.7391
vn -0.6736 -0.0000 0.7391
vn 0.6736 -0.0000 0.7391
vn 0.6735 0.2284 0.7030
vn -0.6735 0.2284 0.7030
vn 0.6735 0.2284 0.7030
vn 0.6735 0.4346 0.5979
vn -0.6735 0.4344 0.5981
vn 0.6735 -0.4346 -0.5979
vn -0.6735 -0.4345 -0.5980
vn -0.6735 -0.2284 -0.7030
vn 0.6735 0.2284 -0.7030
vn -0.6735 0.2284 -0.7030
vn -0.6735 0.4345 -0.5980
vn 0.6735 0.2284 -0.7030
vn 0.6736 -0.0000 -0.7391
vn -0.6735 0.2284 -0.7030
vn 0.6735 -0.5980 0.4344
vn 0.6735 -0.4346 0.5979
vn -0.6735 -0.4345 0.5980
vn 0.6735 -0.4346 -0.5979
vn 0.6735 -0.5980 -0.4345
vn -0.6735 -0.4345 -0.5980
vn 0.6735 -0.7391 -0.0000
vn 0.6735 -0.7030 0.2284
vn -0.6735 -0.7030 0.2284
vn 0.6735 -0.5980 -0.4345
vn -0.6735 -0.5980 -0.4345
vn -0.6735 -0.4345 -0.5980
vn 0.6735 -0.4346 -0.5979
vn -0.6735 -0.4345 -0.5980
vn -0.6735 -0.2284 -0.7030
vn 0.6735 -0.7030 0.2284
vn 0.6735 -0.5980 0.4344
vn -0.6735 -0.5980 0.4345
vn 0.6735 -0.4346 0.5979
vn 0.6735 -0.2284 0.7030
vn -0.6735 -0.4345 0.5980
vn -0.6735 -0.7030 -0.2284
vn -0.6735 -0.5980 -0.4345
vn 0.6735 -0.7030 -0.2284
vn 0.6735 0.4345 -0.5980
vn -0.6735 0.4345 -0.5980
vn -0.6735 0.5980 -0.4345
vn 0.6735 -0.7391 -0.0000
vn -0.6735 -0.7391 -0.0000
vn -0.6735 -0.7030 -0.2284
vn 0.6735 -0.2284 0.7030
vn 0.6736 -0.0000 0.7391
vn -0.6736 -0.0000 0.7391
vn 0.6735 0.2284 0.7030
vn 0.6735 0.4346 0.5979
vn -0.6735 0.4344 0.5981
vn 0.6735 0.7030 0.2284
vn -0.6735 0.7391 -0.0000
vn -0.6735 0.7030 0.2284
vn 0.6735 0.4346 0.5979
vn 0.6735 0.5981 0.4344
vn -0.6735 0.5981 0.4344
vn 0.6735 0.7029 -0.2286
vn 0.6735 0.5982 -0.4343
vn -0.6735 0.7031 -0.2283
vn 0.6735 0.7029 -0.2286
vn -0.6735 0.7031 -0.2283
vn -0.6735 0.7391 -0.0000
vn 0.6736 -0.0000 0.7391
vn 0.6735 0.2284 0.7030
vn -0.6735 0.2284 0.7030
vn 0.6720 0.3112 0.6720
vn 0.9504 0.3112 -0.0000
vn 0.3600 0.8607 0.3600
vn 0.6572 0.3689 -0.6572
vn 0.9295 0.3689 -0.0000
vn 0.7071 -0.0000 -0.7071
vn 0.6720 0.3112 -0.6720
vn 0.9504 0.3112 -0.0000
vn 0.7071 -0.0000 -0.7071
vn -0.6572 0.3689 -0.6572
vn -0.0000 0.3689 -0.9295
vn -0.7071 -0.0000 -0.7071
vn -0.6720 0.3112 -0.6720
vn -0.0000 0.3112 -0.9504
vn -0.7071 -0.0000 -0.7071
vn -0.6572 0.3689 0.6572
vn -0.9295 0.3688 -0.0000
vn -0.7071 -0.0000 0.7071
vn 0.6735 0.5981 0.4344
vn 0.6735 0.7030 0.2284
vn -0.6735 0.7030 0.2284
vn 0.6720 0.3112 0.6720
vn -0.0000 0.3112 0.9504
vn 0.7071 -0.0000 0.7071
vn -0.6720 0.3112 -0.6720
vn -0.3600 0.8607 -0.3600
vn -0.0000 0.3112 -0.9504
vn 0.6720 0.3112 -0.6720
vn 0.3600 0.8607 -0.3600
vn 0.9504 0.3112 -0.0000
vn -0.5092 0.8607 -0.0000
vn -0.9504 0.3112 -0.0000
vn -0.3600 0.8607 0.3600
vn -0.5092 0.8607 -0.0000
vn -0.3600 0.8607 -0.3600
vn -0.9504 0.3112 -0.0000
vn -0.6720 0.3112 0.6720
vn -0.0000 0.3112 0.9504
vn -0.3600 0.8607 0.3600
vn -0.0000 1.0000 -0.0000
vn -0.0000 1.0000 -0.0000
vn -0.0000 1.0000 -0.0000
vn 0.6720 0.3112 -0.6720
vn -0.0000 0.3112 -0.9504
vn 0.3600 0.8607 -0.3600
vn 0.6572 0.3689 0.6572
vn -0.0000 0.3689 0.9295
vn 0.7071 -0.0000 0.7071
vn -0.0000 0.3112 0.9504
vn -0.0000 0.8607 0.5092
vn -0.3600 0.8607 0.3600
vn -0.9504 0.3112 -0.0000
vn -0.6720 0.3112 -0.6720
vn -1.0000 -0.0000 -0.0000
vn 0.9295 0.3689 -0.0000
vn 0.6572 0.3689 0.6572
vn 1.0000 -0.0000 -0.0000
vn -0.0000 0.3112 -0.9504
vn 0.6720 0.3112 -0.6720
vn -0.0000 -0.0000 -1.0000
vn -0.0000 0.3689 0.9295
vn -0.6572 0.3689 0.6572
vn -0.0000 -0.0000 1.0000
vn -0.0000 0.3689 -0.9295
vn 0.6572 0.3689 -0.6572
vn -0.0000 -0.0000 -1.0000
vn -0.0000 0.3112 0.9504
vn -0.6720 0.3112 0.6720
vn -0.0000 -0.0000 1.0000
vn -0.0000 0.8991 -0.4378
vn -0.0000 0.3689 -0.9295
vn -0.6572 0.3689 -0.6572
vn -0.3095 0.8991 -0.3095
vn -0.0000 0.8991 -0.4378
vn -0.6572 0.3689 -0.6572
vn 0.9295 0.3689 -0.0000
vn 0.4378 0.8991 -0.0000
vn 0.6572 0.3689 0.6572
vn -0.0000 0.3689 -0.9295
vn -0.0000 0.8991 -0.4378
vn 0.6572 0.3689 -0.6572
vn -0.9295 0.3688 -0.0000
vn -0.6572 0.3689 0.6572
vn -0.4377 0.8991 -0.0000
vn 0.9295 0.3689 -0.0000
vn 0.6572 0.3689 -0.6572
vn 0.4378 0.8991 -0.0000
vn -0.3095 0.8991 0.3095
vn -0.6572 0.3689 0.6572
vn -0.0000 0.8991 0.4378
vn -0.0000 1.0000 -0.0000
vn -0.0000 1.0000 -0.0000
vn -0.0000 1.0000 -0.0000
vn 0.4398 0.2775 0.8542
vn 0.4398 0.5279 0.7266
vn -0.4398 0.2775 0.8542
vn -0.4398 0.7266 0.5279
vn 0.4398 0.7266 0.5279
vn 0.4398 0.8542 0.2775
vn 0.4398 0.8542 0.2775
vn 0.4398 0.8981 -0.0000
vn -0.4398 0.8981 -0.0000
vn 0.9027 -0.0000 -0.4302
vn 0.9027 -0.1329 -0.4091
vn 0.4398 -0.0000 -0.8981
vn 0.4398 0.2775 -0.8542
vn 0.9027 0.1329 -0.4091
vn 0.4398 -0.0000 -0.8981
vn 0.4398 0.5279 0.7266
vn 0.9027 0.2528 0.3480
vn 0.4398 0.7266 0.5279
vn 0.9027 0.4091 -0.1329
vn 0.9027 0.3480 -0.2528
vn 0.4398 0.7266 -0.5279
vn 0.9027 0.1329 0.4091
vn 0.9027 0.2528 0.3480
vn 0.4398 0.2775 0.8542
vn 0.9027 0.4091 0.1329
vn 0.9027 0.4302 -0.0000
vn 0.4398 0.8981 -0.0000
vn 0.9027 0.4302 -0.0000
vn 0.9027 0.4091 -0.1329
vn 0.4398 0.8981 -0.0000
vn 0.9027 -0.0000 0.4302
vn 0.9027 0.1329 0.4091
vn 0.4398 0.2775 0.8542
vn 0.4398 0.8542 0.2775
vn 0.4398 0.7266 0.5279
vn 0.9027 0.4091 0.1329
vn 0.9027 -0.1329 -0.4091
vn 0.4398 -0.2775 -0.8542
vn 0.4398 -0.0000 -0.8981
vn 0.9027 -0.2528 0.3480
vn 0.9027 -0.1329 0.4091
vn 0.4398 -0.5279 0.7266
vn 0.4398 -0.7266 0.5279
vn 0.9027 -0.3480 0.2528
vn 0.9027 -0.2528 0.3480
vn 0.4398 -0.8981 -0.0000
vn 0.9027 -0.4302 -0.0000
vn 0.9027 -0.4091 0.1329
vn 0.4398 -0.7266 -0.5279
vn 0.9027 -0.3480 -0.2528
vn 0.9027 -0.4091 -0.1329
vn 0.4398 -0.2775 -0.8542
vn 0.9027 -0.1329 -0.4091
vn 0.4398 -0.5279 -0.7266
vn -0.9027 0.2528 -0.3480
vn -0.9027 0.3480 -0.2528
vn -0.4398 0.7266 -0.5279
vn -0.9917 -0.1037 0.0754
vn -0.9027 -0.3480 0.2528
vn -0.9027 -0.2528 0.3480
vn -0.9027 -0.3480 -0.2528
vn -0.9027 -0.2528 -0.3480
vn -0.4398 -0.5279 -0.7266
vn -0.9027 -0.0000 0.4302
vn -0.9027 -0.1329 0.4091
vn -0.4398 -0.0000 0.8981
vn -0.4398 -0.8981 -0.0000
vn -0.9027 -0.4302 -0.0000
vn -0.4398 -0.8542 -0.2775
vn -0.9027 -0.4091 -0.1329
vn -0.9027 -0.3480 -0.2528
vn -0.4398 -0.8542 -0.2775
vn -0.9027 -0.3480 0.2528
vn -0.9027 -0.4091 0.1329
vn -0.4398 -0.8542 0.2775
vn -0.4398 0.2775 -0.8542
vn -0.9027 0.1329 -0.4091
vn -0.4398 0.5279 -0.7266
vn -0.9027 -0.0000 -0.4302
vn -0.9027 0.1329 -0.4091
vn -0.4398 0.2775 -0.8542
vn -0.4398 0.7266 0.5279
vn -0.9027 0.3480 0.2528
vn -0.4398 0.5279 0.7266
vn -0.9027 -0.2528 0.3480
vn -0.4398 -0.5279 0.7266
vn -0.4398 -0.2775 0.8542
vn -0.9027 -0.2528 0.3480
vn -0.9027 -0.3480 0.2528
vn -0.4398 -0.5279 0.7266
vn -0.9027 -0.2528 -0.3480
vn -0.9027 -0.1329 -0.4091
vn -0.4398 -0.5279 -0.7266
vn -0.9027 -0.0000 0.4302
vn -0.4398 -0.0000 0.8981
vn -0.4398 0.2775 0.8542
vn -0.9027 0.4302 -0.0000
vn -0.9027 0.4091 0.1329
vn -0.4398 0.8542 0.2775
vn -0.9027 0.4091 0.1329
vn -0.9027 0.3480 0.2528
vn -0.4398 0.7266 0.5279
vn -0.9027 0.2528 0.3480
vn -0.9027 0.1329 0.4091
vn -0.4398 0.5279 0.7266
vn -0.9027 -0.4091 0.1329
vn -0.9027 -0.4302 -0.0000
vn -0.4398 -0.8542 0.2775
vn -0.9027 -0.0000 -0.4302
vn -0.4398 -0.0000 -0.8981
vn -0.4398 -0.2775 -0.8542
vn 0.9917 -0.0754 0.1037
vn 0.9917 -0.1037 0.0754
vn 1.0000 0.0000 -0.0000
vn 0.9917 -0.0396 0.1219
vn 0.9917 -0.0754 0.1037
vn 1.0000 0.0000 -0.0000
vn 0.9917 0.0754 -0.1037
vn 0.9917 0.1037 -0.0754
vn 1.0000 0.0000 -0.0000
vn 0.9917 -0.1037 0.0754
vn 0.9917 -0.1219 0.0396
vn 1.0000 0.0000 -0.0000
vn 0.9917 0.0396 0.1219
vn 0.9917 -0.0000 0.1282
vn 1.0000 0.0000 -0.0000
vn 0.9917 0.1037 0.0754
vn 0.9917 0.0754 0.1037
vn 1.0000 0.0000 -0.0000
vn 0.9917 0.1219 -0.0396
vn 0.9917 0.1282 -0.0000
vn 1.0000 0.0000 -0.0000
vn 0.9917 0.0396 -0.1219
vn 0.9917 0.0754 -0.1037
vn 1.0000 0.0000 -0.0000
vn 0.9917 -0.0396 -0.1219
vn 0.9917 -0.0000 -0.1282
vn 1.0000 0.0000 -0.0000
vn 0.9917 -0.1219 0.0396
vn 0.9917 -0.1282 -0.0000
vn 1.0000 0.0000 -0.0000
vn 0.9917 0.0754 0.1037
vn 0.9917 0.0396 0.1219
vn 1.0000 0.0000 -0.0000
vn 0.9917 -0.0000 0.1282
vn 0.9917 -0.0396 0.1219
vn 1.0000 0.0000 -0.0000
vn 0.9917 -0.0000 -0.1282
vn 0.9917 0.0396 -0.1219
vn 1.0000 0.0000 -0.0000
vn 0.9917 -0.0754 -0.1037
vn 0.9917 -0.0396 -0.1219
vn 1.0000 0.0000 -0.0000
vn 0.9917 0.1282 -0.0000
vn 0.9917 0.1219 0.0396
vn 1.0000 0.0000 -0.0000
vn -0.9917 0.0000 0.1282
vn -0.9917 0.0396 0.1219
vn -1.0000 0.0000 -0.0000
vn -0.9917 0.0396 -0.1219
vn -0.9917 -0.0000 -0.1282
vn -1.0000 0.0000 -0.0000
vn 0.9027 0.4091 0.1329
vn 0.9917 0.1219 0.0396
vn 0.9027 0.4302 -0.0000
vn 0.9027 0.2528 0.3480
vn 0.9917 0.0754 0.1037
vn 0.9027 0.3480 0.2528
vn 0.9917 0.0396 0.1219
vn 0.9917 0.0754 0.1037
vn 0.9027 0.1329 0.4091
vn 0.9027 -0.0000 -0.4302
vn 0.9917 -0.0000 -0.1282
vn 0.9027 -0.1329 -0.4091
vn 0.9027 -0.0000 0.4302
vn 0.9917 -0.0000 0.1282
vn 0.9027 0.1329 0.4091
vn 0.9027 0.2528 -0.3480
vn 0.9917 0.0754 -0.1037
vn 0.9027 0.1329 -0.4091
vn 0.9917 -0.0396 0.1219
vn 0.9917 -0.0000 0.1282
vn 0.9027 -0.1329 0.4091
vn 0.9917 0.0754 0.1037
vn 0.9917 0.1037 0.0754
vn 0.9027 0.3480 0.2528
vn 0.9917 0.1037 -0.0754
vn 0.9917 0.0754 -0.1037
vn 0.9027 0.3480 -0.2528
vn 0.9027 0.2528 0.3480
vn 0.9027 0.3480 0.2528
vn 0.4398 0.7266 0.5279
vn 0.9027 0.4091 -0.1329
vn 0.9917 0.1219 -0.0396
vn 0.9027 0.3480 -0.2528
vn 0.9917 -0.1037 -0.0754
vn 0.9917 -0.1219 -0.0396
vn 0.9027 -0.3480 -0.2528
vn 0.9917 0.1282 -0.0000
vn 0.9917 0.1219 -0.0396
vn 0.9027 0.4302 -0.0000
vn 0.9027 -0.2528 -0.3480
vn 0.9917 -0.0754 -0.1037
vn 0.9027 -0.3480 -0.2528
vn 0.9917 -0.1219 0.0396
vn 0.9917 -0.1037 0.0754
vn 0.9027 -0.3480 0.2528
vn 0.9027 -0.4302 -0.0000
vn 0.9917 -0.1282 -0.0000
vn 0.9917 -0.1219 0.0396
vn 0.9917 -0.1219 -0.0396
vn 0.9917 -0.1282 -0.0000
vn 0.9027 -0.4302 -0.0000
vn 0.9027 -0.2528 -0.3480
vn 0.9027 -0.1329 -0.4091
vn 0.9917 -0.0754 -0.1037
vn 0.9027 -0.0000 -0.4302
vn 0.9027 0.1329 -0.4091
vn 0.9917 -0.0000 -0.1282
vn 0.9917 0.1037 0.0754
vn 0.9917 0.1219 0.0396
vn 0.9027 0.3480 0.2528
vn -0.9917 0.0754 -0.1037
vn -0.9917 0.0396 -0.1219
vn -1.0000 0.0000 -0.0000
vn -0.9917 0.1219 -0.0396
vn -0.9917 0.1037 -0.0754
vn -1.0000 0.0000 -0.0000
vn -0.9917 -0.1037 -0.0754
vn -0.9917 -0.1219 -0.0396
vn -1.0000 0.0000 -0.0000
vn -0.9917 0.1037 -0.0754
vn -0.9917 0.0754 -0.1037
vn -1.0000 0.0000 -0.0000
vn -0.9917 -0.1219 0.0396
vn -0.9917 -0.1037 0.0754
vn -1.0000 0.0000 -0.0000
vn -0.9917 -0.1282 0.0000
vn -0.9917 -0.1219 0.0396
vn -1.0000 0.0000 -0.0000
vn -0.9917 0.1282 -0.0000
vn -0.9917 0.1219 -0.0396
vn -1.0000 0.0000 -0.0000
vn -0.9917 0.0754 0.1037
vn -0.9917 0.1037 0.0754
vn -1.0000 0.0000 -0.0000
vn -0.9917 -0.0754 -0.1037
vn -0.9917 -0.1037 -0.0754
vn -1.0000 0.0000 -0.0000
vn -0.9917 -0.0000 -0.1282
vn -0.9917 -0.0396 -0.1219
vn -1.0000 0.0000 -0.0000
vn -0.9917 0.1219 0.0396
vn -0.9917 0.1282 -0.0000
vn -1.0000 0.0000 -0.0000
vn -0.9917 -0.0396 0.1219
vn -0.9917 0.0000 0.1282
vn -1.0000 0.0000 -0.0000
vn -0.9917 0.1037 0.0754
vn -0.9917 0.1219 0.0396
vn -1.0000 0.0000 -0.0000
vn -0.9917 0.0396 0.1219
vn -0.9917 0.0754 0.1037
vn -1.0000 0.0000 -0.0000
vn -0.9917 -0.0396 -0.1219
vn -0.9917 -0.0754 -0.1037
vn -1.0000 0.0000 -0.0000
vn -0.9917 -0.1219 -0.0396
vn -0.9917 -0.1282 0.0000
vn -1.0000 0.0000 -0.0000
vn -0.9917 -0.0754 0.1037
vn -0.9917 -0.0396 0.1219
vn -1.0000 0.0000 -0.0000
vn -0.9917 -0.0754 0.1037
vn -0.9917 -0.1037 0.0754
vn -0.9027 -0.2528 0.3480
vn -0.9917 0.0000 0.1282
vn -0.9917 -0.0396 0.1219
vn -0.9027 -0.0000 0.4302
vn -0.9917 -0.1037 -0.0754
vn -0.9917 -0.0754 -0.1037
vn -0.9027 -0.2528 -0.3480
vn -0.9917 0.1219 0.0396
vn -0.9917 0.1037 0.0754
vn -0.9027 0.4091 0.1329
vn -0.9917 -0.1282 0.0000
vn -0.9917 -0.1219 -0.0396
vn -0.9027 -0.4091 -0.1329
vn -0.9027 -0.4091 0.1329
vn -0.9917 -0.1219 0.0396
vn -0.9917 -0.1282 0.0000
vn -0.9917 -0.1219 0.0396
vn -0.9027 -0.4091 0.1329
vn -0.9027 -0.3480 0.2528
vn -0.9917 -0.0000 -0.1282
vn -0.9917 0.0396 -0.1219
vn -0.9027 -0.0000 -0.4302
vn -0.9917 -0.0754 0.1037
vn -0.9027 -0.2528 0.3480
vn -0.9027 -0.1329 0.4091
vn -0.9027 -0.1329 -0.4091
vn -0.9917 -0.0396 -0.1219
vn -0.9027 -0.0000 -0.4302
vn -0.9917 -0.0754 -0.1037
vn -0.9917 -0.0396 -0.1219
vn -0.9027 -0.2528 -0.3480
vn -0.9917 -0.1219 -0.0396
vn -0.9917 -0.1037 -0.0754
vn -0.9027 -0.4091 -0.1329
vn -0.9917 0.0000 0.1282
vn -0.9027 -0.0000 0.4302
vn -0.9027 0.1329 0.4091
vn -0.9917 0.0754 -0.1037
vn -0.9917 0.1037 -0.0754
vn -0.9027 0.3480 -0.2528
vn -0.9917 0.0754 0.1037
vn -0.9917 0.0396 0.1219
vn -0.9027 0.2528 0.3480
vn -0.9917 0.0754 -0.1037
vn -0.9027 0.2528 -0.3480
vn -0.9027 0.1329 -0.4091
vn -0.9917 0.1219 0.0396
vn -0.9027 0.4091 0.1329
vn -0.9027 0.4302 -0.0000
vn -0.9027 0.3480 0.2528
vn -0.9917 0.1037 0.0754
vn -0.9027 0.2528 0.3480
vn 0.6735 0.7391 -0.0000
vn 0.6735 0.7029 -0.2286
vn -0.6735 0.7391 -0.0000
vn 0.6736 -0.0000 -0.7391
vn 0.6735 -0.2284 -0.7030
vn -0.6736 -0.0000 -0.7391
vn -0.6735 -0.4345 0.5980
vn 0.6735 -0.4344 0.5981
vn -0.6735 -0.2284 0.7030
vn -0.6735 -0.7391 -0.0000
vn 0.6735 -0.7391 -0.0000
vn -0.6735 -0.7030 0.2284
vn -0.6735 -0.5979 0.4346
vn 0.6735 -0.5981 0.4343
vn -0.6735 -0.4345 0.5980
vn -0.6735 -0.7030 0.2284
vn 0.6735 -0.7030 0.2284
vn -0.6735 -0.5979 0.4346
vn 0.6735 -0.5980 -0.4345
vn 0.6735 -0.7030 -0.2284
vn -0.6735 -0.5980 -0.4345
vn 0.6735 0.4345 -0.5980
vn 0.6735 0.2284 -0.7030
vn -0.6735 0.4345 -0.5980
vn -0.6736 -0.0000 0.7391
vn 0.6736 -0.0000 0.7391
vn -0.6735 0.2284 0.7030
vn 0.6735 -0.7030 -0.2284
vn 0.6735 -0.7391 -0.0000
vn -0.6735 -0.7030 -0.2284
vn -0.6735 0.2284 0.7030
vn 0.6735 0.2284 0.7030
vn -0.6735 0.4344 0.5981
vn -0.6735 -0.2284 0.7030
vn 0.6735 -0.2284 0.7030
vn -0.6736 -0.0000 0.7391
vn 0.6735 0.7030 0.2284
vn 0.6735 0.7391 -0.0000
vn -0.6735 0.7391 -0.0000
vn 0.6735 -0.2284 -0.7030
vn 0.6735 -0.4346 -0.5979
vn -0.6735 -0.2284 -0.7030
vn 0.6735 0.7029 -0.2286
vn 0.6735 0.5982 -0.4343
vn -0.6735 0.7031 -0.2283
vn -0.6735 0.4344 0.5981
vn 0.6735 0.4346 0.5979
vn -0.6735 0.5981 0.4344
vn 0.6735 -0.4346 -0.5979
vn 0.6735 -0.5980 -0.4345
vn -0.6735 -0.4345 -0.5980
vn 0.6735 0.5982 -0.4343
vn 0.6735 0.4345 -0.5980
vn -0.6735 0.5980 -0.4345
vn 0.6735 0.5982 -0.4343
vn 0.6735 0.4345 -0.5980
vn -0.6735 0.5980 -0.4345
vn -0.6735 -0.7391 -0.0000
vn 0.6735 -0.7391 -0.0000
vn -0.6735 -0.7030 0.2284
vn -0.6735 0.4344 0.5981
vn 0.6735 0.4346 0.5979
vn -0.6735 0.5981 0.4344
vn -0.6735 -0.5980 0.4345
vn 0.6735 -0.5980 0.4344
vn -0.6735 -0.4345 0.5980
vn -0.6735 -0.7030 0.2284
vn 0.6735 -0.7030 0.2284
vn -0.6735 -0.5980 0.4345
vn 0.6735 0.7391 -0.0000
vn 0.6735 0.7029 -0.2286
vn -0.6735 0.7391 -0.0000
vn 0.6735 -0.7030 -0.2284
vn 0.6735 -0.7391 -0.0000
vn -0.6735 -0.7030 -0.2284
vn 0.9027 -0.1329 0.4091
vn 0.9027 -0.0000 0.4302
vn 0.4398 -0.0000 0.8981
vn -0.6735 -0.2284 0.7030
vn 0.6735 -0.2284 0.7030
vn -0.6736 -0.0000 0.7391
vn 0.6735 -0.2284 -0.7030
vn 0.6735 -0.4346 -0.5979
vn -0.6735 -0.2284 -0.7030
vn -0.6735 0.5981 0.4344
vn 0.6735 0.5981 0.4344
vn -0.6735 0.7030 0.2284
vn -0.6736 -0.0000 0.7391
vn 0.6736 -0.0000 0.7391
vn -0.6735 0.2284 0.7030
vn 0.6735 -0.2284 -0.7030
vn -0.6735 -0.2284 -0.7030
vn -0.6736 -0.0000 -0.7391
vn 0.6735 0.7030 0.2284
vn 0.6735 0.7391 -0.0000
vn -0.6735 0.7391 -0.0000
vn 0.6735 -0.2284 -0.7030
vn -0.6735 -0.2284 -0.7030
vn -0.6736 -0.0000 -0.7391
vn -0.6735 -0.5980 -0.4345
vn 0.6735 -0.5980 -0.4345
vn 0.6735 -0.7030 -0.2284
vn -0.6735 0.2284 0.7030
vn 0.6735 0.2284 0.7030
vn -0.6735 0.4344 0.5981
vn 1.0000 -0.0000 -0.0000
vn 1.0000 -0.0000 -0.0000
vn 1.0000 -0.0000 -0.0000
vn 0.4398 -0.0000 -0.8981
vn -0.4398 -0.0000 -0.8981
vn -0.4398 0.2775 -0.8542
vn -0.4398 -0.0000 0.8981
vn 0.4398 -0.0000 0.8981
vn -0.4398 0.2775 0.8542
vn 0.4398 -0.2775 0.8542
vn 0.4398 -0.0000 0.8981
vn -0.4398 -0.2775 0.8542
vn -0.4398 -0.5279 0.7266
vn 0.4398 -0.5279 0.7266
vn -0.4398 -0.2775 0.8542
vn 0.4398 -0.7266 0.5279
vn 0.4398 -0.5279 0.7266
vn -0.4398 -0.7266 0.5279
vn -0.4398 -0.8542 0.2775
vn 0.4398 -0.8542 0.2775
vn -0.4398 -0.7266 0.5279
vn 0.4398 -0.8981 -0.0000
vn 0.4398 -0.8542 0.2775
vn -0.4398 -0.8981 -0.0000
vn -0.4398 -0.8542 -0.2775
vn 0.4398 -0.8542 -0.2775
vn -0.4398 -0.8981 -0.0000
vn 0.4398 -0.7266 -0.5279
vn 0.4398 -0.8542 -0.2775
vn -0.4398 -0.7266 -0.5279
vn -0.4398 -0.5279 -0.7266
vn 0.4398 -0.5279 -0.7266
vn -0.4398 -0.7266 -0.5279
vn -0.4398 -0.5279 -0.7266
vn -0.4398 -0.2775 -0.8542
vn 0.4398 -0.5279 -0.7266
vn -0.4398 -0.0000 -0.8981
vn 0.4398 -0.0000 -0.8981
vn -0.4398 -0.2775 -0.8542
vn 0.4398 0.2775 -0.8542
vn 0.4398 -0.0000 -0.8981
vn -0.4398 0.2775 -0.8542
vn -0.4398 0.5279 -0.7266
vn 0.4398 0.5279 -0.7266
vn -0.4398 0.2775 -0.8542
vn 0.4398 0.7266 -0.5279
vn 0.4398 0.5279 -0.7266
vn -0.4398 0.7266 -0.5279
vn -0.4398 0.8542 -0.2775
vn 0.4398 0.8542 -0.2775
vn -0.4398 0.7266 -0.5279
vn 0.4398 0.8981 -0.0000
vn 0.4398 0.8542 -0.2775
vn -0.4398 0.8981 -0.0000
vn 0.6572 0.3689 0.6572
vn 0.7071 -0.0000 0.7071
vn 1.0000 -0.0000 -0.0000
vn 0.9917 -0.1037 -0.0754
vn 0.9917 -0.0754 -0.1037
vn 1.0000 0.0000 -0.0000
vn 0.9917 0.1219 0.0396
vn 0.9917 0.1037 0.0754
vn 1.0000 0.0000 -0.0000
vn 0.9917 -0.1282 -0.0000
vn 0.9917 -0.1219 -0.0396
vn 1.0000 0.0000 -0.0000
vn 0.9917 0.1037 -0.0754
vn 0.9917 0.1219 -0.0396
vn 1.0000 0.0000 -0.0000
vn 0.9917 0.0754 0.1037
vn 0.9027 0.2528 0.3480
vn 0.9027 0.1329 0.4091
vn 0.4398 -0.0000 0.8981
vn 0.9027 -0.0000 0.4302
vn 0.4398 0.2775 0.8542
vn 0.4398 -0.8542 0.2775
vn 0.9027 -0.4091 0.1329
vn 0.4398 -0.7266 0.5279
vn 0.4398 -0.8542 -0.2775
vn 0.9027 -0.4091 -0.1329
vn 0.4398 -0.8981 -0.0000
vn 0.4398 -0.5279 -0.7266
vn 0.9027 -0.2528 -0.3480
vn 0.4398 -0.7266 -0.5279
vn -0.9027 -0.1329 -0.4091
vn -0.4398 -0.2775 -0.8542
vn -0.4398 -0.5279 -0.7266
vn -1.0000 -0.0000 -0.0000
vn -1.0000 -0.0000 -0.0000
vn -1.0000 -0.0000 -0.0000
vn 0.6735 -0.4344 0.5981
vn 0.6735 -0.2284 0.7030
vn -0.6735 -0.2284 0.7030
vn -0.0000 0.8991 -0.4378
vn 0.3095 0.8991 -0.3095
vn 0.6572 0.3689 -0.6572
vn 0.6720 0.3112 -0.6720
vn 0.7071 -0.0000 -0.7071
vn -0.0000 -0.0000 -1.0000
vn 0.6736 -0.0000 -0.7391
vn 0.6735 -0.2284 -0.7030
vn -0.6736 -0.0000 -0.7391
vn 0.6735 0.4345 -0.5980
vn 0.6735 0.2284 -0.7030
vn -0.6735 0.4345 -0.5980
vn 0.6735 0.5982 -0.4343
vn -0.6735 0.5980 -0.4345
vn -0.6735 0.7031 -0.2283
vn -0.9027 0.4091 -0.1329
vn -0.9027 0.4302 -0.0000
vn -0.4398 0.8981 -0.0000
vn -0.9917 0.1219 -0.0396
vn -0.9917 0.1282 -0.0000
vn -0.9027 0.4302 -0.0000
vn -0.9917 -0.1037 0.0754
vn -0.9917 -0.1219 0.0396
vn -0.9027 -0.3480 0.2528
vn 0.6735 -0.2284 0.7030
vn -0.6735 -0.2284 0.7030
vn -0.6735 -0.4345 0.5980
vt 0.8689 0.6500 0.0000
vt 0.8689 0.4786 0.0000
vt 0.8689 0.5000 0.0000
vt 0.8689 0.5214 0.0000
vt 0.8689 0.5429 0.0000
vt 0.8689 0.5643 0.0000
vt 0.8689 0.5857 0.0000
vt 0.8689 0.6071 0.0000
vt 0.8689 0.6286 0.0000
vt 0.9368 0.6478 0.0000
vt 0.9368 0.4808 0.0000
vt 0.8935 0.4214 0.0000
vt 0.9262 0.6500 0.0000
vt 0.9262 0.4786 0.0000
vt 0.9108 0.4151 0.0000
vt 0.9368 0.5022 0.0000
vt 0.9368 0.4978 0.0000
vt 0.9262 0.5000 0.0000
vt 0.9180 0.4000 0.0000
vt 0.9368 0.5237 0.0000
vt 0.9368 0.5192 0.0000
vt 0.9262 0.5214 0.0000
vt 0.9108 0.3849 0.0000
vt 0.9368 0.5451 0.0000
vt 0.9368 0.5406 0.0000
vt 0.9262 0.5429 0.0000
vt 0.9368 0.5621 0.0000
vt 0.8935 0.3786 0.0000
vt 0.9368 0.5665 0.0000
vt 0.9262 0.5643 0.0000
vt 0.8761 0.3849 0.0000
vt 0.9368 0.5879 0.0000
vt 0.9368 0.5835 0.0000
vt 0.9262 0.5857 0.0000
vt 0.9368 0.6049 0.0000
vt 0.9368 0.6094 0.0000
vt 0.8689 0.4000 0.0000
vt 0.9262 0.6071 0.0000
vt 0.8761 0.4151 0.0000
vt 0.9368 0.6308 0.0000
vt 0.9368 0.6264 0.0000
vt 0.9262 0.6286 0.0000
vt 0.8689 0.8857 0.0000
vt 0.8689 0.6571 0.0000
vt 0.8689 0.6857 0.0000
vt 0.8689 0.7143 0.0000
vt 0.8689 0.7429 0.0000
vt 0.8689 0.7714 0.0000
vt 0.8689 0.8000 0.0000
vt 0.8689 0.8286 0.0000
vt 0.8689 0.8571 0.0000
vt 0.9017 0.4785 0.0000
vt 0.9378 0.8827 0.0000
vt 0.9378 0.6601 0.0000
vt 0.9262 0.8857 0.0000
vt 0.9262 0.6571 0.0000
vt 0.9248 0.4702 0.0000
vt 0.9378 0.6887 0.0000
vt 0.9378 0.6828 0.0000
vt 0.9262 0.6857 0.0000
vt 0.9344 0.4500 0.0000
vt 0.9378 0.7173 0.0000
vt 0.9378 0.7114 0.0000
vt 0.9262 0.7143 0.0000
vt 0.9248 0.4298 0.0000
vt 0.9378 0.7458 0.0000
vt 0.9378 0.7399 0.0000
vt 0.9262 0.7429 0.0000
vt 0.9378 0.7685 0.0000
vt 0.9378 0.7744 0.0000
vt 0.9017 0.4215 0.0000
vt 0.9262 0.7714 0.0000
vt 0.9378 0.8030 0.0000
vt 0.9378 0.7970 0.0000
vt 0.8786 0.4298 0.0000
vt 0.9262 0.8000 0.0000
vt 0.9378 0.8315 0.0000
vt 0.9378 0.8256 0.0000
vt 0.8690 0.4500 0.0000
vt 0.9262 0.8286 0.0000
vt 0.8786 0.4702 0.0000
vt 0.9378 0.8542 0.0000
vt 0.9378 0.8601 0.0000
vt 0.9262 0.8571 0.0000
vt 0.1311 0.7500 0.0000
vt 0.6557 0.7500 0.0000
vt 0.1311 0.8000 0.0000
vt 0.6557 0.8000 0.0000
vt 0.1311 0.8500 0.0000
vt 0.6557 0.8500 0.0000
vt 0.1311 0.9000 0.0000
vt 0.6557 0.9000 0.0000
vt 0.1311 0.9500 0.0000
vt 0.6557 0.9500 0.0000
vt 0.1311 -0.0000 0.0000
vt 0.1311 1.0000 0.0000
vt 0.6557 -0.0000 0.0000
vt 0.6557 1.0000 0.0000
vt 0.1311 0.0500 0.0000
vt 0.6557 0.0500 0.0000
vt 0.1311 0.1000 0.0000
vt 0.6557 0.1000 0.0000
vt 0.1311 0.1500 0.0000
vt 0.6557 0.1500 0.0000
vt 0.1311 0.2000 0.0000
vt 0.6557 0.2000 0.0000
vt 0.1311 0.2500 0.0000
vt 0.6557 0.2500 0.0000
vt 0.1311 0.3000 0.0000
vt 0.6557 0.3000 0.0000
vt 0.1311 0.3500 0.0000
vt 0.6557 0.3500 0.0000
vt 0.1311 0.4000 0.0000
vt 0.6557 0.4000 0.0000
vt 0.1311 0.4500 0.0000
vt 0.6557 0.4500 0.0000
vt 0.1311 0.5000 0.0000
vt 0.6557 0.5000 0.0000
vt 0.1311 0.5500 0.0000
vt 0.6557 0.5500 0.0000
vt 0.1311 0.6000 0.0000
vt 0.6557 0.6000 0.0000
vt 0.1311 0.6500 0.0000
vt 0.6557 0.6500 0.0000
vt 0.1311 0.7000 0.0000
vt 0.6557 0.7000 0.0000
vt 0.7131 0.7929 0.0000
vt 0.7131 0.8071 0.0000
vt 0.7131 0.7571 0.0000
vt 0.7131 0.7429 0.0000
vt 0.7131 0.6929 0.0000
vt 0.7131 0.7071 0.0000
vt 0.7131 0.6429 0.0000
vt 0.7131 0.6571 0.0000
vt 0.7131 0.6071 0.0000
vt 0.7131 0.5929 0.0000
vt 0.7131 0.5429 0.0000
vt 0.7131 0.5571 0.0000
vt 0.7131 0.4929 0.0000
vt 0.7131 0.5071 0.0000
vt 0.7131 0.4429 0.0000
vt 0.7131 0.4571 0.0000
vt 0.7131 0.3929 0.0000
vt 0.7131 0.4071 0.0000
vt 0.7131 0.3571 0.0000
vt 0.7131 0.3429 0.0000
vt 0.7131 0.2929 0.0000
vt 0.7131 0.3071 0.0000
vt 0.7131 0.2429 0.0000
vt 0.7131 0.2571 0.0000
vt 0.7131 0.1929 0.0000
vt 0.7131 0.2071 0.0000
vt 0.7131 0.1571 0.0000
vt 0.7131 0.1429 0.0000
vt 0.7131 0.1071 0.0000
vt 0.7131 0.0929 0.0000
vt 0.7131 0.0429 0.0000
vt 0.7131 0.0571 0.0000
vt 0.7131 0.0071 0.0000
vt 0.7131 0.9929 0.0000
vt 0.7131 0.9429 0.0000
vt 0.7131 0.9571 0.0000
vt 0.7131 0.9071 0.0000
vt 0.7131 0.8929 0.0000
vt 0.7131 0.8429 0.0000
vt 0.7131 0.8571 0.0000
vt 0.0738 0.7429 0.0000
vt 0.0738 0.7571 0.0000
vt 0.0738 0.7929 0.0000
vt 0.0738 0.8071 0.0000
vt 0.0738 0.8571 0.0000
vt 0.0738 0.8429 0.0000
vt 0.0738 0.8929 0.0000
vt 0.0738 0.9071 0.0000
vt 0.0738 0.9571 0.0000
vt 0.0738 0.9429 0.0000
vt 0.0738 0.9929 0.0000
vt 0.0738 0.0071 0.0000
vt 0.0738 0.0429 0.0000
vt 0.0738 0.0571 0.0000
vt 0.0738 0.1071 0.0000
vt 0.0738 0.0929 0.0000
vt 0.0738 0.1429 0.0000
vt 0.0738 0.1571 0.0000
vt 0.0738 0.2071 0.0000
vt 0.0738 0.1929 0.0000
vt 0.0738 0.2429 0.0000
vt 0.0738 0.2571 0.0000
vt 0.0738 0.3071 0.0000
vt 0.0738 0.2929 0.0000
vt 0.0738 0.3429 0.0000
vt 0.0738 0.3571 0.0000
vt 0.0738 0.4071 0.0000
vt 0.0738 0.3929 0.0000
vt 0.0738 0.4429 0.0000
vt 0.0738 0.4571 0.0000
vt 0.0738 0.4929 0.0000
vt 0.0738 0.5071 0.0000
vt 0.0738 0.5571 0.0000
vt 0.0738 0.5429 0.0000
vt 0.0738 0.5929 0.0000
vt 0.0738 0.6071 0.0000
vt 0.0738 0.6429 0.0000
vt 0.0738 0.6571 0.0000
vt 0.0738 0.7071 0.0000
vt 0.0738 0.6929 0.0000
vt 0.7787 0.8143 0.0000
vt 0.7787 0.7857 0.0000
vt 0.9015 0.9432 0.0000
vt 0.9015 0.9318 0.0000
vt 0.7787 0.7643 0.0000
vt 0.7787 0.7357 0.0000
vt 0.7787 0.6857 0.0000
vt 0.7787 0.7143 0.0000
vt 0.9050 0.9210 0.0000
vt 0.9117 0.9117 0.0000
vt 0.7787 0.6643 0.0000
vt 0.7787 0.6357 0.0000
vt 0.7787 0.5857 0.0000
vt 0.7787 0.6143 0.0000
vt 0.9210 0.9050 0.0000
vt 0.7787 0.5643 0.0000
vt 0.7787 0.5357 0.0000
vt 0.9318 0.9015 0.0000
vt 0.7787 0.4857 0.0000
vt 0.9432 0.9015 0.0000
vt 0.7787 0.5143 0.0000
vt 0.7787 0.4643 0.0000
vt 0.7787 0.4357 0.0000
vt 0.9540 0.9050 0.0000
vt 0.7787 0.3857 0.0000
vt 0.7787 0.4143 0.0000
vt 0.9633 0.9117 0.0000
vt 0.9700 0.9210 0.0000
vt 0.7787 0.3643 0.0000
vt 0.7787 0.3357 0.0000
vt 0.7787 0.2857 0.0000
vt 0.9735 0.9318 0.0000
vt 0.7787 0.3143 0.0000
vt 0.9735 0.9432 0.0000
vt 0.7787 0.2643 0.0000
vt 0.7787 0.2357 0.0000
vt 0.7787 0.1857 0.0000
vt 0.9700 0.9540 0.0000
vt 0.7787 0.2143 0.0000
vt 0.7787 0.1643 0.0000
vt 0.7787 0.1357 0.0000
vt 0.9633 0.9633 0.0000
vt 0.7787 0.1143 0.0000
vt 0.9540 0.9700 0.0000
vt 0.7787 0.0857 0.0000
vt 0.9432 0.9735 0.0000
vt 0.7787 0.0643 0.0000
vt 0.7787 0.0357 0.0000
vt 0.7787 0.0143 0.0000
vt 0.7787 0.9857 0.0000
vt 0.9318 0.9735 0.0000
vt 0.7787 0.9357 0.0000
vt 0.7787 0.9643 0.0000
vt 0.9210 0.9700 0.0000
vt 0.7787 0.8857 0.0000
vt 0.7787 0.9143 0.0000
vt 0.9117 0.9633 0.0000
vt 0.7787 0.8643 0.0000
vt 0.7787 0.8357 0.0000
vt 0.9050 0.9540 0.0000
vt 0.0082 0.7643 0.0000
vt 0.9117 0.9117 0.0000
vt 0.0082 0.7357 0.0000
vt 0.9210 0.9050 0.0000
vt 0.0082 0.7857 0.0000
vt 0.0082 0.8143 0.0000
vt 0.9318 0.9015 0.0000
vt 0.0082 0.8643 0.0000
vt 0.0082 0.8357 0.0000
vt 0.9432 0.9015 0.0000
vt 0.0082 0.8857 0.0000
vt 0.0082 0.9143 0.0000
vt 0.9540 0.9050 0.0000
vt 0.0082 0.9643 0.0000
vt 0.0082 0.9357 0.0000
vt 0.9633 0.9117 0.0000
vt 0.0082 0.9857 0.0000
vt 0.0082 0.0143 0.0000
vt 0.9700 0.9210 0.0000
vt 0.0082 0.0357 0.0000
vt 0.0082 0.0643 0.0000
vt 0.9735 0.9318 0.0000
vt 0.0082 0.1143 0.0000
vt 0.0082 0.0857 0.0000
vt 0.9735 0.9432 0.0000
vt 0.0082 0.1357 0.0000
vt 0.0082 0.1643 0.0000
vt 0.0082 0.1857 0.0000
vt 0.9700 0.9540 0.0000
vt 0.0082 0.2143 0.0000
vt 0.9633 0.9633 0.0000
vt 0.0082 0.2357 0.0000
vt 0.0082 0.2643 0.0000
vt 0.0082 0.2857 0.0000
vt 0.9540 0.9700 0.0000
vt 0.0082 0.3143 0.0000
vt 0.0082 0.3643 0.0000
vt 0.9432 0.9735 0.0000
vt 0.0082 0.3357 0.0000
vt 0.9318 0.9735 0.0000
vt 0.0082 0.4143 0.0000
vt 0.0082 0.3857 0.0000
vt 0.9210 0.9700 0.0000
vt 0.0082 0.4357 0.0000
vt 0.0082 0.4643 0.0000
vt 0.0082 0.4857 0.0000
vt 0.9117 0.9633 0.0000
vt 0.0082 0.5143 0.0000
vt 0.0082 0.5643 0.0000
vt 0.9050 0.9540 0.0000
vt 0.0082 0.5357 0.0000
vt 0.0082 0.5857 0.0000
vt 0.9015 0.9432 0.0000
vt 0.0082 0.6143 0.0000
vt 0.9015 0.9318 0.0000
vt 0.0082 0.6357 0.0000
vt 0.0082 0.6643 0.0000
vt 0.0082 0.6857 0.0000
vt 0.9050 0.9210 0.0000
vt 0.0082 0.7143 0.0000
vt 0.7935 0.7534 0.0000
vt 0.7935 0.7466 0.0000
vt 0.8623 0.7534 0.0000
vt 0.8623 0.7466 0.0000
vt 0.7935 0.7966 0.0000
vt 0.7935 0.8034 0.0000
vt 0.8623 0.8034 0.0000
vt 0.8623 0.7966 0.0000
vt 0.7935 0.8466 0.0000
vt 0.7935 0.8534 0.0000
vt 0.8623 0.8466 0.0000
vt 0.8623 0.8534 0.0000
vt 0.7935 0.8966 0.0000
vt 0.7935 0.9034 0.0000
vt 0.8623 0.9034 0.0000
vt 0.8623 0.8966 0.0000
vt 0.7935 0.9466 0.0000
vt 0.7935 0.9534 0.0000
vt 0.8623 0.9466 0.0000
vt 0.8623 0.9534 0.0000
vt 0.7935 0.9966 0.0000
vt 0.7935 0.0034 0.0000
vt 0.8623 0.0034 0.0000
vt 0.8623 0.9966 0.0000
vt 0.7935 0.0466 0.0000
vt 0.7935 0.0534 0.0000
vt 0.8623 0.0534 0.0000
vt 0.8623 0.0466 0.0000
vt 0.7935 0.0966 0.0000
vt 0.7935 0.1034 0.0000
vt 0.8623 0.1034 0.0000
vt 0.8623 0.0966 0.0000
vt 0.7935 0.1466 0.0000
vt 0.7935 0.1534 0.0000
vt 0.8623 0.1466 0.0000
vt 0.8623 0.1534 0.0000
vt 0.7935 0.1966 0.0000
vt 0.7935 0.2034 0.0000
vt 0.8623 0.2034 0.0000
vt 0.8623 0.1966 0.0000
vt 0.7935 0.2466 0.0000
vt 0.7935 0.2534 0.0000
vt 0.8623 0.2466 0.0000
vt 0.8623 0.2534 0.0000
vt 0.7935 0.2966 0.0000
vt 0.7935 0.3034 0.0000
vt 0.8623 0.3034 0.0000
vt 0.8623 0.2966 0.0000
vt 0.7935 0.3466 0.0000
vt 0.7935 0.3534 0.0000
vt 0.8623 0.3466 0.0000
vt 0.8623 0.3534 0.0000
vt 0.7935 0.3966 0.0000
vt 0.7935 0.4034 0.0000
vt 0.8623 0.4034 0.0000
vt 0.8623 0.3966 0.0000
vt 0.7935 0.4466 0.0000
vt 0.7935 0.4534 0.0000
vt 0.8623 0.4466 0.0000
vt 0.8623 0.4534 0.0000
vt 0.7935 0.4966 0.0000
vt 0.7935 0.5034 0.0000
vt 0.8623 0.5034 0.0000
vt 0.8623 0.4966 0.0000
vt 0.7935 0.5466 0.0000
vt 0.7935 0.5534 0.0000
vt 0.8623 0.5534 0.0000
vt 0.8623 0.5466 0.0000
vt 0.7935 0.5966 0.0000
vt 0.7935 0.6034 0.0000
vt 0.8623 0.5966 0.0000
vt 0.8623 0.6034 0.0000
vt 0.7935 0.6466 0.0000
vt 0.7935 0.6534 0.0000
vt 0.8623 0.6466 0.0000
vt 0.8623 0.6534 0.0000
vt 0.7935 0.6966 0.0000
vt 0.7935 0.7034 0.0000
vt 0.8623 0.7034 0.0000
vt 0.8623 0.6966 0.0000
vt 0.8197 0.7500 0.0000
vt 0.8197 0.8000 0.0000
vt 0.8360 0.8000 0.0000
vt 0.8360 0.7500 0.0000
vt 0.8197 0.8500 0.0000
vt 0.8360 0.8500 0.0000
vt 0.8197 0.9000 0.0000
vt 0.8360 0.9000 0.0000
vt 0.8197 0.9500 0.0000
vt 0.8360 0.9500 0.0000
vt 0.8197 1.0000 0.0000
vt 0.8197 0.0000 0.0000
vt 0.8360 0.0000 0.0000
vt 0.8360 1.0000 0.0000
vt 0.8197 0.0500 0.0000
vt 0.8360 0.0500 0.0000
vt 0.8197 0.1000 0.0000
vt 0.8360 0.1000 0.0000
vt 0.8197 0.1500 0.0000
vt 0.8360 0.1500 0.0000
vt 0.8197 0.2000 0.0000
vt 0.8360 0.2000 0.0000
vt 0.8197 0.2500 0.0000
vt 0.8360 0.2500 0.0000
vt 0.8197 0.3000 0.0000
vt 0.8360 0.3000 0.0000
vt 0.8197 0.3500 0.0000
vt 0.8360 0.3500 0.0000
vt 0.8197 0.4000 0.0000
vt 0.8360 0.4000 0.0000
vt 0.8197 0.4500 0.0000
vt 0.8360 0.4500 0.0000
vt 0.8197 0.5000 0.0000
vt 0.8360 0.5000 0.0000
vt 0.8197 0.5500 0.0000
vt 0.8360 0.5500 0.0000
vt 0.8197 0.6000 0.0000
vt 0.8360 0.6000 0.0000
vt 0.8197 0.6500 0.0000
vt 0.8360 0.6500 0.0000
vt 0.8197 0.7000 0.0000
vt 0.8360 0.7000 0.0000
vt 0.8623 0.2466 0.0000
vt 0.8623 0.2534 0.0000
vt 0.7935 0.2466 0.0000
vt 0.7935 0.2534 0.0000
vt 0.8623 0.2034 0.0000
vt 0.8623 0.1966 0.0000
vt 0.7935 0.1966 0.0000
vt 0.7935 0.2034 0.0000
vt 0.8623 0.1534 0.0000
vt 0.8623 0.1466 0.0000
vt 0.7935 0.1534 0.0000
vt 0.7935 0.1466 0.0000
vt 0.8623 0.1034 0.0000
vt 0.8623 0.0966 0.0000
vt 0.7935 0.0966 0.0000
vt 0.7935 0.1034 0.0000
vt 0.8623 0.0534 0.0000
vt 0.8623 0.0466 0.0000
vt 0.7935 0.0534 0.0000
vt 0.7935 0.0466 0.0000
vt 0.8623 0.0034 0.0000
vt 0.8623 0.9966 0.0000
vt 0.7935 0.9966 0.0000
vt 0.7935 0.0034 0.0000
vt 0.8623 0.9534 0.0000
vt 0.8623 0.9466 0.0000
vt 0.7935 0.9466 0.0000
vt 0.7935 0.9534 0.0000
vt 0.8623 0.8966 0.0000
vt 0.8623 0.9034 0.0000
vt 0.7935 0.8966 0.0000
vt 0.7935 0.9034 0.0000
vt 0.8623 0.8534 0.0000
vt 0.8623 0.8466 0.0000
vt 0.7935 0.8534 0.0000
vt 0.7935 0.8466 0.0000
vt 0.8623 0.8034 0.0000
vt 0.8623 0.7966 0.0000
vt 0.7935 0.7966 0.0000
vt 0.7935 0.8034 0.0000
vt 0.8623 0.7534 0.0000
vt 0.8623 0.7466 0.0000
vt 0.7935 0.7534 0.0000
vt 0.7935 0.7466 0.0000
vt 0.8623 0.7034 0.0000
vt 0.8623 0.6966 0.0000
vt 0.7935 0.6966 0.0000
vt 0.7935 0.7034 0.0000
vt 0.8623 0.6534 0.0000
vt 0.8623 0.6466 0.0000
vt 0.7935 0.6534 0.0000
vt 0.7935 0.6466 0.0000
vt 0.8623 0.6034 0.0000
vt 0.8623 0.5966 0.0000
vt 0.7935 0.5966 0.0000
vt 0.7935 0.6034 0.0000
vt 0.8623 0.5534 0.0000
vt 0.8623 0.5466 0.0000
vt 0.7935 0.5534 0.0000
vt 0.7935 0.5466 0.0000
vt 0.8623 0.4966 0.0000
vt 0.8623 0.5034 0.0000
vt 0.7935 0.4966 0.0000
vt 0.7935 0.5034 0.0000
vt 0.8623 0.4534 0.0000
vt 0.8623 0.4466 0.0000
vt 0.7935 0.4466 0.0000
vt 0.7935 0.4534 0.0000
vt 0.8623 0.4034 0.0000
vt 0.8623 0.3966 0.0000
vt 0.7935 0.4034 0.0000
vt 0.7935 0.3966 0.0000
vt 0.8623 0.3534 0.0000
vt 0.8623 0.3466 0.0000
vt 0.7935 0.3534 0.0000
vt 0.7935 0.3466 0.0000
vt 0.8623 0.3034 0.0000
vt 0.8623 0.2966 0.0000
vt 0.7935 0.2966 0.0000
vt 0.7935 0.3034 0.0000
vt 0.8360 0.2500 0.0000
vt 0.8360 0.2000 0.0000
vt 0.8197 0.2000 0.0000
vt 0.8197 0.2500 0.0000
vt 0.8360 0.1500 0.0000
vt 0.8197 0.1500 0.0000
vt 0.8360 0.1000 0.0000
vt 0.8197 0.1000 0.0000
vt 0.8360 0.0500 0.0000
vt 0.8197 0.0500 0.0000
vt 0.8360 0.0000 0.0000
vt 0.8360 1.0000 0.0000
vt 0.8197 0.0000 0.0000
vt 0.8197 1.0000 0.0000
vt 0.8360 0.9500 0.0000
vt 0.8197 0.9500 0.0000
vt 0.8360 0.9000 0.0000
vt 0.8197 0.9000 0.0000
vt 0.8360 0.8500 0.0000
vt 0.8197 0.8500 0.0000
vt 0.8360 0.8000 0.0000
vt 0.8197 0.8000 0.0000
vt 0.8360 0.7500 0.0000
vt 0.8197 0.7500 0.0000
vt 0.8360 0.7000 0.0000
vt 0.8197 0.7000 0.0000
vt 0.8360 0.6500 0.0000
vt 0.8197 0.6500 0.0000
vt 0.8360 0.6000 0.0000
vt 0.8197 0.6000 0.0000
vt 0.8360 0.5500 0.0000
vt 0.8197 0.5500 0.0000
vt 0.8360 0.5000 0.0000
vt 0.8197 0.5000 0.0000
vt 0.8360 0.4500 0.0000
vt 0.8197 0.4500 0.0000
vt 0.8360 0.4000 0.0000
vt 0.8197 0.4000 0.0000
vt 0.8360 0.3500 0.0000
vt 0.8197 0.3500 0.0000
vt 0.8360 0.3000 0.0000
vt 0.8197 0.3000 0.0000
vt 0.9375 0.9375 0.0000
vt 0.9375 0.9375 0.0000
s 0
usemtl None_tank_new_eth.png
f 729/1048/2521 725/1039/2522 721/1032/2523 
f 745/1072/2524 749/1081/2525 747/1077/2526 
f 881/1347/2527 922/1428/2528 883/1351/2529 
f 956/1464/2530 954/1462/2531 914/1413/2532 
f 885/1355/2533 922/1428/2534 925/1431/2535 
f 886/1357/2536 923/1429/2537 884/1353/2538 
f 885/1356/2539 927/1433/2540 887/1359/2541 
f 886/1358/2542 928/1434/2543 926/1432/2544 
f 889/1363/2545 927/1433/2546 929/1435/2547 
f 890/1365/2548 928/1434/2549 888/1361/2550 
f 889/1364/2551 931/1437/2552 891/1367/2553 
f 890/1366/2554 932/1440/2555 930/1436/2556 
f 893/1371/2557 931/1438/2558 933/1441/2559 
f 923/1429/2560 924/1430/2561 882/1349/2562 
f 893/1372/2563 935/1443/2564 895/1375/2565 
f 894/1373/2566 936/1444/2567 934/1442/2568 
f 895/1376/2569 937/1445/2570 897/1379/2571 
f 898/1381/2572 936/1444/2573 896/1377/2574 
f 897/1380/2575 939/1447/2576 899/1383/2577 
f 898/1382/2578 940/1448/2579 938/1446/2580 
f 899/1384/2581 941/1449/2582 901/1387/2583 
f 902/1389/2584 940/1448/2585 900/1385/2586 
f 901/1388/2587 943/1451/2588 903/1391/2589 
f 902/1390/2590 944/1452/2591 942/1450/2592 
f 905/1395/2593 943/1451/2594 945/1453/2595 
f 906/1397/2596 944/1452/2597 904/1393/2598 
f 907/1399/2599 945/1453/2600 947/1455/2601 
f 906/1398/2602 948/1456/2603 946/1454/2604 
f 907/1400/2605 949/1457/2606 909/1403/2607 
f 910/1405/2608 948/1456/2609 908/1401/2610 
f 909/1404/2611 951/1459/2612 911/1407/2613 
f 910/1406/2614 952/1460/2615 950/1458/2616 
f 911/1408/2617 953/1461/2618 913/1411/2619 
f 914/1414/2620 952/1460/2621 912/1409/2622 
f 913/1412/2623 955/1463/2624 915/1415/2625 
f 916/1417/2626 956/1464/2627 914/1413/2628 
f 915/1416/2629 957/1465/2630 917/1419/2631 
f 918/1421/2632 956/1464/2633 916/1418/2634 
f 917/1420/2635 959/1467/2636 919/1423/2637 
f 918/1422/2638 960/1468/2639 958/1466/2640 
f 881/1348/2641 959/1467/2642 921/1427/2643 
f 882/1350/2644 960/1468/2645 920/1425/2646 
f 1017/1567/2647 1019/1569/2648 979/1505/2649 
f 1036/1586/2650 1034/1584/2651 994/1535/2652 
f 1005/1553/2653 1007/1555/2654 967/1481/2655 
f 966/1479/2656 1003/1551/2657 964/1475/2658 
f 1021/1571/2659 1023/1573/2660 983/1513/2661 
f 966/1480/2662 1008/1556/2663 1006/1554/2664 
f 1009/1557/2665 1011/1559/2666 971/1489/2667 
f 970/1487/2668 1008/1556/2669 968/1483/2670 
f 983/1514/2671 1023/1573/2672 1025/1575/2673 
f 970/1488/2674 1012/1561/2675 1010/1558/2676 
f 1013/1563/2677 1015/1565/2678 975/1498/2679 
f 1003/1551/2680 1004/1552/2681 962/1471/2682 
f 1029/1579/2683 1031/1581/2684 991/1530/2685 
f 974/1495/2686 1016/1566/2687 1014/1564/2688 
f 975/1497/2689 1017/1567/2690 977/1501/2691 
f 978/1503/2692 1016/1566/2693 976/1499/2694 
f 1033/1583/2695 1035/1585/2696 995/1537/2697 
f 978/1504/2698 1020/1570/2699 1018/1568/2700 
f 979/1506/2701 1021/1571/2702 981/1509/2703 
f 982/1511/2704 1020/1570/2705 980/1507/2706 
f 1037/1587/2707 1039/1589/2708 999/1545/2709 
f 982/1512/2710 1024/1574/2711 1022/1572/2712 
f 971/1490/2713 1011/1560/2714 1013/1563/2715 
f 986/1519/2716 1024/1574/2717 984/1515/2718 
f 987/1521/2719 1025/1575/2720 1027/1577/2721 
f 986/1520/2722 1028/1578/2723 1026/1576/2724 
f 987/1522/2725 1029/1579/2726 989/1525/2727 
f 990/1527/2728 1028/1578/2729 988/1523/2730 
f 1001/1549/2731 1002/1550/2732 963/1473/2733 
f 990/1528/2734 1032/1582/2735 1030/1580/2736 
f 991/1529/2737 1033/1583/2738 993/1533/2739 
f 994/1536/2740 1032/1582/2741 992/1531/2742 
f 999/1546/2743 1039/1589/2744 1001/1549/2745 
f 996/1539/2746 1036/1586/2747 994/1535/2748 
f 995/1538/2749 1037/1587/2750 997/1541/2751 
f 998/1543/2752 1036/1586/2753 996/1540/2754 
f 993/1534/2755 1033/1583/2756 995/1537/2757 
f 998/1544/2758 1040/1590/2759 1038/1588/2760 
f 963/1474/2761 1002/1550/2762 1005/1553/2763 
f 962/1472/2764 1040/1590/2765 1000/1547/2766 
f 725/1039/2767 723/1035/2768 721/1032/2769 
f 735/1059/2770 733/1057/2771 721/1032/2772 
f 733/1057/2773 731/1051/2774 729/1048/2775 
f 729/1048/2776 727/1043/2777 725/1039/2778 
f 753/1091/2779 749/1081/2780 745/1072/2781 
f 745/1072/2782 759/1101/2783 757/1099/2784 
f 753/1091/2785 751/1085/2786 749/1081/2787 
f 757/1099/2788 753/1091/2789 745/1072/2790 
s 1
f 722/1033/2791 713/1021/2792 720/1029/2793 
s 0
f 881/1347/2794 921/1427/2795 922/1428/2796 
f 892/1369/2797 894/1374/2798 932/1439/2799 
f 885/1355/2800 883/1352/2801 922/1428/2802 
f 886/1357/2803 926/1432/2804 923/1429/2805 
f 885/1356/2806 925/1431/2807 927/1433/2808 
f 886/1358/2809 888/1362/2810 928/1434/2811 
f 889/1363/2812 887/1360/2813 927/1433/2814 
f 890/1365/2815 930/1436/2816 928/1434/2817 
f 889/1364/2818 929/1435/2819 931/1437/2820 
f 890/1366/2821 892/1370/2822 932/1440/2823 
f 893/1371/2824 891/1368/2825 931/1438/2826 
f 893/1372/2827 933/1441/2828 935/1443/2829 
f 894/1373/2830 896/1378/2831 936/1444/2832 
f 895/1376/2833 935/1443/2834 937/1445/2835 
f 898/1381/2836 938/1446/2837 936/1444/2838 
f 897/1380/2839 937/1445/2840 939/1447/2841 
f 898/1382/2842 900/1386/2843 940/1448/2844 
f 899/1384/2845 939/1447/2846 941/1449/2847 
f 902/1389/2848 942/1450/2849 940/1448/2850 
f 901/1388/2851 941/1449/2852 943/1451/2853 
f 902/1390/2854 904/1394/2855 944/1452/2856 
f 905/1395/2857 903/1392/2858 943/1451/2859 
f 906/1397/2860 946/1454/2861 944/1452/2862 
f 907/1399/2863 905/1396/2864 945/1453/2865 
f 906/1398/2866 908/1402/2867 948/1456/2868 
f 907/1400/2869 947/1455/2870 949/1457/2871 
f 910/1405/2872 950/1458/2873 948/1456/2874 
f 909/1404/2875 949/1457/2876 951/1459/2877 
f 910/1406/2878 912/1410/2879 952/1460/2880 
f 911/1408/2881 951/1459/2882 953/1461/2883 
f 914/1414/2884 954/1462/2885 952/1460/2886 
f 913/1412/2887 953/1461/2888 955/1463/2889 
f 884/1354/2890 923/1429/2891 882/1349/2892 
f 915/1416/2893 955/1463/2894 957/1465/2895 
f 918/1421/2896 958/1466/2897 956/1464/2898 
f 917/1420/2899 957/1465/2900 959/1467/2901 
f 918/1422/2902 920/1426/2903 960/1468/2904 
f 881/1348/2905 919/1424/2906 959/1467/2907 
f 882/1350/2908 924/1430/2909 960/1468/2910 
f 969/1485/2911 967/1482/2912 1009/1557/2913 
f 972/1491/2914 974/1496/2915 1012/1562/2916 
f 977/1502/2917 1017/1567/2918 979/1505/2919 
f 966/1479/2920 1006/1554/2921 1003/1551/2922 
f 981/1510/2923 1021/1571/2924 983/1513/2925 
f 966/1480/2926 968/1484/2927 1008/1556/2928 
s 1
f 1004/1552/2929 1001/1549/2930 1039/1589/2931 
s 0
f 970/1487/2932 1010/1558/2933 1008/1556/2934 
f 997/1542/2935 1037/1587/2936 999/1545/2937 
f 970/1488/2938 972/1492/2939 1012/1561/2940 
f 961/1469/2941 1001/1549/2942 963/1473/2943 
f 894/1374/2944 934/1442/2945 932/1439/2946 
f 965/1477/2947 963/1474/2948 1005/1553/2949 
f 974/1495/2950 976/1500/2951 1016/1566/2952 
f 975/1497/2953 1015/1565/2954 1017/1567/2955 
f 978/1503/2956 1018/1568/2957 1016/1566/2958 
f 969/1486/2959 1009/1557/2960 971/1489/2961 
f 978/1504/2962 980/1508/2963 1020/1570/2964 
f 979/1506/2965 1019/1569/2966 1021/1571/2967 
f 982/1511/2968 1022/1572/2969 1020/1570/2970 
f 985/1517/2971 983/1514/2972 1025/1575/2973 
f 982/1512/2974 984/1516/2975 1024/1574/2976 
f 961/1470/2977 999/1546/2978 1001/1549/2979 
f 986/1519/2980 1026/1576/2981 1024/1574/2982 
f 987/1521/2983 985/1518/2984 1025/1575/2985 
f 986/1520/2986 988/1524/2987 1028/1578/2988 
f 987/1522/2989 1027/1577/2990 1029/1579/2991 
f 990/1527/2992 1030/1580/2993 1028/1578/2994 
f 965/1478/2995 1005/1553/2996 967/1481/2997 
f 990/1528/2998 992/1532/2999 1032/1582/3000 
f 991/1529/3001 1031/1581/3002 1033/1583/3003 
f 994/1536/3004 1034/1584/3005 1032/1582/3006 
f 973/1493/3007 971/1490/3008 1013/1563/3009 
f 964/1476/3010 1003/1551/3011 962/1471/3012 
f 995/1538/3013 1035/1585/3014 1037/1587/3015 
f 998/1543/3016 1038/1588/3017 1036/1586/3018 
f 989/1526/3019 1029/1579/3020 991/1530/3021 
f 998/1544/3022 1000/1548/3023 1040/1590/3024 
f 973/1494/3025 1013/1563/3026 975/1498/3027 
f 962/1472/3028 1004/1552/3029 1040/1590/3030 
s 1
f 726/1042/3031 715/1024/3032 714/1023/3033 
f 732/1054/3034 718/1027/3035 717/1026/3036 
f 734/1058/3037 719/1028/3038 718/1027/3039 
f 736/1062/3040 720/1029/3041 719/1028/3042 
f 732/1054/3043 734/1058/3044 718/1027/3045 
f 746/1075/3046 737/1063/3047 744/1071/3048 
f 728/1046/3049 716/1025/3050 715/1024/3051 
f 730/1050/3052 717/1026/3053 716/1025/3054 
f 727/1044/3055 729/1047/3056 730/1050/3057 
f 735/1060/3058 721/1030/3059 722/1033/3060 
f 734/1058/3061 732/1054/3062 731/1052/3063 
f 726/1042/3064 725/1040/3065 727/1045/3066 
f 735/1061/3067 736/1062/3068 734/1058/3069 
f 723/1036/3070 725/1041/3071 726/1042/3072 
f 728/1046/3073 727/1044/3074 730/1050/3075 
f 722/1034/3076 721/1031/3077 723/1037/3078 
f 750/1084/3079 739/1066/3080 738/1065/3081 
f 760/1104/3082 744/1071/3083 743/1070/3084 
f 758/1100/3085 743/1070/3086 742/1069/3087 
f 748/1080/3088 738/1065/3089 737/1064/3090 
f 726/1042/3091 728/1046/3092 715/1024/3093 
f 756/1096/3094 742/1069/3095 741/1068/3096 
f 758/1100/3097 760/1104/3098 743/1070/3099 
f 754/1092/3100 741/1068/3101 740/1067/3102 
f 757/1097/3103 759/1102/3104 760/1104/3105 
f 754/1092/3106 752/1088/3107 753/1089/3108 
f 756/1096/3109 754/1092/3110 753/1090/3111 
f 752/1088/3112 751/1086/3113 753/1089/3114 
f 748/1080/3115 747/1078/3116 749/1083/3117 
f 758/1100/3118 757/1097/3119 760/1104/3120 
f 749/1082/3121 751/1087/3122 752/1088/3123 
f 756/1096/3124 755/1093/3125 757/1098/3126 
f 778/1124/3127 780/1126/3128 779/1125/3129 
f 778/1124/3130 777/1123/3131 775/1121/3132 
f 782/1128/3133 784/1130/3134 783/1129/3135 
f 786/1132/3136 785/1131/3137 783/1129/3138 
f 785/1131/3139 786/1132/3140 787/1133/3141 
f 766/1110/3142 768/1112/3143 767/1111/3144 
f 798/1144/3145 800/1146/3146 799/1145/3147 
f 794/1140/3148 793/1139/3149 791/1137/3150 
f 786/1132/3151 788/1134/3152 787/1133/3153 
f 798/1144/3154 797/1143/3155 795/1141/3156 
f 763/1107/3157 764/1108/3158 766/1110/3159 
f 762/1106/3160 764/1108/3161 763/1107/3162 
f 774/1120/3163 773/1119/3164 771/1115/3165 
f 787/1133/3166 790/1136/3167 789/1135/3168 
f 790/1136/3169 791/1137/3170 789/1135/3171 
f 770/1114/3172 772/1118/3173 771/1116/3174 
f 782/1128/3175 781/1127/3176 779/1125/3177 
f 774/1120/3178 776/1122/3179 775/1121/3180 
f 770/1114/3181 769/1113/3182 767/1111/3183 
f 794/1140/3184 796/1142/3185 795/1141/3186 
f 801/1148/3187 820/1185/3188 766/1110/3189 
f 803/1151/3190 800/1146/3191 798/1144/3192 
f 804/1154/3193 803/1151/3194 798/1144/3195 
f 810/1166/3196 786/1132/3197 784/1130/3198 
f 806/1158/3199 796/1142/3200 794/1140/3201 
f 804/1153/3202 798/1144/3203 796/1142/3204 
f 808/1162/3205 792/1138/3206 790/1136/3207 
f 805/1155/3208 804/1153/3209 796/1142/3210 
f 806/1157/3211 794/1140/3212 792/1138/3213 
f 788/1134/3214 809/1164/3215 808/1161/3216 
f 820/1186/3217 819/1184/3218 768/1112/3219 
f 813/1171/3220 780/1126/3221 778/1124/3222 
f 780/1126/3223 813/1172/3224 782/1128/3225 
f 776/1122/3226 814/1174/3227 778/1124/3228 
f 772/1117/3229 816/1177/3230 774/1120/3231 
f 816/1178/3232 815/1176/3233 776/1122/3234 
f 768/1112/3235 818/1181/3236 770/1114/3237 
f 818/1182/3238 817/1180/3239 772/1118/3240 
f 803/1152/3241 802/1150/3242 762/1106/3243 
f 822/1189/3244 821/1188/3245 763/1107/3246 
f 830/1205/3247 779/1125/3248 781/1127/3249 
f 824/1193/3250 765/1109/3251 767/1111/3252 
f 832/1209/3253 783/1129/3254 785/1131/3255 
f 826/1198/3256 771/1115/3257 773/1119/3258 
f 834/1214/3259 833/1212/3260 785/1131/3261 
f 828/1202/3262 773/1119/3263 775/1121/3264 
f 795/1141/3265 838/1221/3266 793/1139/3267 
f 830/1206/3268 829/1204/3269 779/1125/3270 
f 838/1221/3271 837/1219/3272 793/1139/3273 
f 832/1210/3274 831/1208/3275 783/1129/3276 
f 840/1226/3277 839/1224/3278 797/1143/3279 
f 828/1201/3280 775/1121/3281 777/1123/3282 
f 789/1135/3283 835/1215/3284 787/1133/3285 
f 836/1217/3286 789/1135/3287 791/1137/3288 
f 793/1139/3289 837/1220/3290 791/1137/3291 
f 824/1194/3292 767/1111/3293 769/1113/3294 
f 797/1143/3295 839/1223/3296 795/1141/3297 
f 826/1197/3298 825/1195/3299 769/1113/3300 
f 761/1105/3301 821/1187/3302 799/1145/3303 
f 858/1280/3304 859/1283/3305 1042/1592/3306 
f 801/1148/3307 841/1227/3308 860/1285/3309 
f 844/1237/3310 843/1233/3311 803/1151/3312 
f 846/1242/3313 845/1239/3314 805/1156/3315 
f 860/1284/3316 859/1281/3317 819/1184/3318 
f 848/1248/3319 847/1245/3320 807/1159/3321 
f 848/1249/3322 808/1161/3323 809/1164/3324 
f 814/1173/3325 854/1266/3326 813/1171/3327 
f 855/1269/3328 854/1267/3329 815/1175/3330 
f 852/1261/3331 851/1257/3332 811/1167/3333 
f 852/1262/3334 812/1169/3335 813/1172/3336 
f 854/1266/3337 853/1263/3338 813/1171/3339 
f 854/1267/3340 814/1174/3341 815/1175/3342 
f 842/1231/3343 841/1228/3344 801/1147/3345 
f 858/1278/3346 818/1181/3347 819/1183/3348 
f 856/1273/3349 815/1176/3350 816/1178/3351 
f 817/1179/3352 856/1274/3353 816/1177/3354 
f 858/1279/3355 817/1180/3356 818/1182/3357 
f 844/1238/3358 804/1153/3359 805/1155/3360 
f 846/1243/3361 806/1157/3362 807/1160/3363 
f 803/1152/3364 843/1234/3365 842/1232/3366 
f 868/1308/3367 869/1311/3368 1041/1591/3369 
f 862/1292/3370 822/1190/3371 823/1192/3372 
f 878/1338/3373 877/1335/3374 837/1219/3375 
f 864/1297/3376 823/1191/3377 824/1193/3378 
f 838/1221/3379 878/1338/3380 837/1219/3381 
f 866/1303/3382 825/1195/3383 826/1197/3384 
f 827/1199/3385 866/1304/3386 826/1198/3387 
f 870/1316/3388 830/1205/3389 831/1207/3390 
f 870/1314/3391 869/1313/3392 830/1206/3393 
f 872/1322/3394 832/1209/3395 833/1211/3396 
f 872/1320/3397 871/1319/3398 832/1210/3399 
f 874/1328/3400 873/1323/3401 833/1212/3402 
f 874/1327/3403 834/1213/3404 835/1215/3405 
f 862/1291/3406 861/1287/3407 821/1188/3408 
f 876/1332/3409 875/1331/3410 836/1217/3411 
f 837/1220/3412 877/1337/3413 836/1218/3414 
f 880/1346/3415 840/1225/3416 821/1187/3417 
f 839/1223/3418 879/1342/3419 838/1222/3420 
f 880/1344/3421 879/1343/3422 840/1226/3423 
f 864/1298/3424 824/1194/3425 825/1196/3426 
f 956/1464/3427 955/1463/3428 953/1461/3429 
f 958/1466/3430 957/1465/3431 955/1463/3432 
f 960/1468/3433 959/1467/3434 957/1465/3435 
f 946/1454/3436 948/1456/3437 947/1455/3438 
f 932/1439/3439 934/1442/3440 933/1441/3441 
f 948/1456/3442 950/1458/3443 949/1457/3444 
f 947/1455/3445 948/1456/3446 949/1457/3447 
f 954/1462/3448 953/1461/3449 951/1459/3450 
f 924/1430/3451 921/1427/3452 959/1467/3453 
f 928/1434/3454 927/1433/3455 925/1431/3456 
f 930/1436/3457 929/1435/3458 927/1433/3459 
f 932/1440/3460 931/1437/3461 929/1435/3462 
f 934/1442/3463 936/1444/3464 935/1443/3465 
f 936/1444/3466 938/1446/3467 937/1445/3468 
f 950/1458/3469 951/1459/3470 949/1457/3471 
f 960/1468/3472 924/1430/3473 959/1467/3474 
f 940/1448/3475 942/1450/3476 941/1449/3477 
f 942/1450/3478 944/1452/3479 943/1451/3480 
f 944/1452/3481 946/1454/3482 945/1453/3483 
f 926/1432/3484 925/1431/3485 922/1428/3486 
f 1040/1590/3487 1039/1589/3488 1037/1587/3489 
f 1040/1590/3490 1004/1552/3491 1039/1589/3492 
f 1016/1566/3493 1018/1568/3494 1017/1567/3495 
f 1006/1554/3496 1008/1556/3497 1005/1553/3498 
f 1012/1562/3499 1014/1564/3500 1013/1563/3501 
f 1008/1556/3502 1007/1555/3503 1005/1553/3504 
f 1006/1554/3505 1005/1553/3506 1002/1550/3507 
f 1014/1564/3508 1016/1566/3509 1015/1565/3510 
f 1018/1568/3511 1020/1570/3512 1017/1567/3513 
f 1009/1557/3514 1007/1555/3515 1010/1558/3516 
f 1038/1588/3517 1037/1587/3518 1035/1585/3519 
f 1012/1561/3520 1011/1559/3521 1009/1557/3522 
f 1020/1570/3523 1022/1572/3524 1021/1571/3525 
f 1024/1574/3526 1026/1576/3527 1025/1575/3528 
f 1030/1580/3529 1031/1581/3530 1029/1579/3531 
f 1026/1576/3532 1028/1578/3533 1027/1577/3534 
f 1034/1584/3535 1036/1586/3536 1033/1583/3537 
f 1034/1584/3538 1033/1583/3539 1031/1581/3540 
f 1022/1572/3541 1024/1574/3542 1023/1573/3543 
f 728/1046/3544 726/1042/3545 727/1045/3546 
f 748/1080/3547 750/1084/3548 738/1065/3549 
f 724/1038/3550 726/1042/3551 714/1023/3552 
f 760/1104/3553 746/1075/3554 744/1071/3555 
f 736/1062/3556 722/1033/3557 720/1029/3558 
f 756/1096/3559 758/1100/3560 742/1069/3561 
f 1028/1578/3562 1030/1580/3563 1029/1579/3564 
f 728/1046/3565 730/1050/3566 716/1025/3567 
f 736/1062/3568 735/1060/3569 722/1033/3570 
f 724/1038/3571 723/1036/3572 726/1042/3573 
f 733/1055/3574 734/1058/3575 731/1052/3576 
f 733/1056/3577 735/1061/3578 734/1058/3579 
f 732/1054/3580 730/1050/3581 731/1053/3582 
s 0
f 733/1057/3583 729/1048/3584 721/1032/3585 
s 1
f 724/1038/3586 722/1034/3587 723/1037/3588 
f 752/1088/3589 754/1092/3590 740/1067/3591 
f 730/1050/3592 729/1049/3593 731/1053/3594 
f 734/1058/3595 736/1062/3596 719/1028/3597 
f 750/1084/3598 752/1088/3599 739/1066/3600 
f 722/1034/3601 724/1038/3602 713/1022/3603 
f 754/1092/3604 756/1096/3605 741/1068/3606 
f 746/1076/3607 748/1080/3608 737/1064/3609 
f 730/1050/3610 732/1054/3611 717/1026/3612 
f 745/1073/3613 746/1075/3614 760/1104/3615 
f 759/1103/3616 745/1073/3617 760/1104/3618 
f 750/1084/3619 749/1082/3620 752/1088/3621 
f 746/1076/3622 745/1074/3623 748/1080/3624 
f 758/1100/3625 756/1096/3626 757/1098/3627 
f 750/1084/3628 748/1080/3629 749/1083/3630 
f 755/1094/3631 756/1096/3632 753/1090/3633 
s 0
f 755/1095/3634 753/1091/3635 757/1099/3636 
s 1
f 784/1130/3637 786/1132/3638 783/1129/3639 
f 787/1133/3640 788/1134/3641 790/1136/3642 
f 790/1136/3643 792/1138/3644 791/1137/3645 
f 802/1149/3646 801/1147/3647 762/1106/3648 
f 800/1146/3649 803/1152/3650 762/1106/3651 
f 786/1132/3652 810/1165/3653 788/1134/3654 
f 806/1158/3655 805/1156/3656 796/1142/3657 
f 811/1168/3658 810/1166/3659 784/1130/3660 
f 808/1162/3661 807/1159/3662 792/1138/3663 
f 807/1160/3664 806/1157/3665 792/1138/3666 
f 812/1170/3667 811/1167/3668 784/1130/3669 
f 790/1136/3670 788/1134/3671 808/1161/3672 
f 801/1147/3673 764/1108/3674 762/1106/3675 
f 814/1173/3676 813/1171/3677 778/1124/3678 
f 776/1122/3679 815/1175/3680 814/1174/3681 
f 772/1117/3682 817/1179/3683 816/1177/3684 
f 768/1112/3685 819/1183/3686 818/1181/3687 
f 764/1108/3688 801/1148/3689 766/1110/3690 
f 839/1223/3691 838/1222/3692 795/1141/3693 
f 868/1309/3694 828/1201/3695 829/1203/3696 
f 824/1193/3697 823/1191/3698 765/1109/3699 
f 831/1207/3700 830/1205/3701 781/1127/3702 
f 771/1116/3703 826/1197/3704 769/1113/3705 
f 825/1196/3706 824/1194/3707 769/1113/3708 
f 828/1202/3709 827/1200/3710 773/1119/3711 
f 799/1145/3712 840/1226/3713 797/1143/3714 
f 821/1187/3715 840/1225/3716 799/1145/3717 
f 787/1133/3718 834/1214/3719 785/1131/3720 
f 829/1204/3721 777/1123/3722 779/1125/3723 
f 829/1203/3724 828/1201/3725 777/1123/3726 
f 823/1192/3727 822/1190/3728 765/1109/3729 
f 831/1208/3730 781/1127/3731 783/1129/3732 
f 836/1217/3733 835/1216/3734 789/1135/3735 
f 835/1215/3736 834/1213/3737 787/1133/3738 
f 833/1211/3739 832/1209/3740 785/1131/3741 
f 827/1199/3742 826/1198/3743 773/1119/3744 
f 821/1188/3745 761/1105/3746 763/1107/3747 
f 854/1268/3748 855/1270/3749 1042/1592/3750 
f 853/1264/3751 854/1268/3752 1042/1592/3753 
f 844/1236/3754 845/1241/3755 1042/1592/3756 
f 855/1270/3757 856/1272/3758 1042/1592/3759 
f 851/1258/3760 852/1260/3761 1042/1592/3762 
f 849/1253/3763 850/1254/3764 1042/1592/3765 
f 846/1244/3766 847/1246/3767 1042/1592/3768 
f 843/1235/3769 844/1236/3770 1042/1592/3771 
f 841/1229/3772 842/1230/3773 1042/1592/3774 
f 856/1272/3775 857/1277/3776 1042/1592/3777 
f 850/1254/3778 851/1258/3779 1042/1592/3780 
f 852/1260/3781 853/1264/3782 1042/1592/3783 
f 842/1230/3784 843/1235/3785 1042/1592/3786 
f 860/1286/3787 841/1229/3788 1042/1592/3789 
f 847/1246/3790 848/1250/3791 1042/1592/3792 
f 871/1317/3793 872/1321/3794 1041/1591/3795 
f 880/1345/3796 861/1288/3797 1041/1591/3798 
f 808/1162/3799 848/1248/3800 807/1159/3801 
f 810/1165/3802 850/1255/3803 809/1163/3804 
f 851/1259/3805 850/1256/3806 811/1168/3807 
f 802/1149/3808 842/1231/3809 801/1147/3810 
f 812/1170/3811 852/1261/3812 811/1167/3813 
f 804/1154/3814 844/1237/3815 803/1151/3816 
f 853/1265/3817 852/1262/3818 813/1172/3819 
f 850/1255/3820 849/1251/3821 809/1163/3822 
f 845/1240/3823 844/1238/3824 805/1155/3825 
f 810/1165/3826 809/1163/3827 788/1134/3828 
f 806/1158/3829 846/1242/3830 805/1156/3831 
f 859/1282/3832 858/1278/3833 819/1183/3834 
f 847/1247/3835 846/1243/3836 807/1160/3837 
f 820/1186/3838 860/1284/3839 819/1184/3840 
f 856/1273/3841 855/1271/3842 815/1176/3843 
f 817/1179/3844 857/1275/3845 856/1274/3846 
f 858/1279/3847 857/1276/3848 817/1180/3849 
f 820/1185/3850 801/1148/3851 860/1285/3852 
f 802/1150/3853 803/1152/3854 842/1232/3855 
f 849/1252/3856 848/1249/3857 809/1164/3858 
f 879/1341/3859 880/1345/3860 1041/1591/3861 
f 877/1336/3862 878/1339/3863 1041/1591/3864 
f 864/1296/3865 865/1299/3866 1041/1591/3867 
f 878/1339/3868 879/1341/3869 1041/1591/3870 
f 867/1305/3871 868/1308/3872 1041/1591/3873 
f 866/1302/3874 867/1305/3875 1041/1591/3876 
f 876/1333/3877 877/1336/3878 1041/1591/3879 
f 873/1324/3880 874/1326/3881 1041/1591/3882 
f 863/1293/3883 864/1296/3884 1041/1591/3885 
f 861/1288/3886 862/1290/3887 1041/1591/3888 
f 875/1329/3889 876/1333/3890 1041/1591/3891 
f 870/1315/3892 871/1317/3893 1041/1591/3894 
f 874/1326/3895 875/1329/3896 1041/1591/3897 
f 872/1321/3898 873/1324/3899 1041/1591/3900 
f 862/1290/3901 863/1293/3902 1041/1591/3903 
f 865/1299/3904 866/1302/3905 1041/1591/3906 
f 869/1311/3907 870/1315/3908 1041/1591/3909 
f 869/1312/3910 868/1309/3911 829/1203/3912 
f 871/1318/3913 870/1316/3914 831/1207/3915 
f 864/1297/3916 863/1294/3917 823/1191/3918 
f 875/1330/3919 874/1327/3920 835/1215/3921 
f 866/1303/3922 865/1300/3923 825/1195/3924 
f 827/1199/3925 867/1306/3926 866/1304/3927 
f 867/1307/3928 827/1200/3929 828/1202/3930 
f 861/1289/3931 880/1346/3932 821/1187/3933 
f 869/1313/3934 829/1204/3935 830/1206/3936 
f 822/1189/3937 862/1291/3938 821/1188/3939 
f 863/1295/3940 862/1292/3941 823/1192/3942 
f 865/1301/3943 864/1298/3944 825/1196/3945 
f 871/1319/3946 831/1208/3947 832/1210/3948 
f 879/1342/3949 878/1340/3950 838/1222/3951 
f 873/1325/3952 872/1322/3953 833/1211/3954 
f 879/1343/3955 839/1224/3956 840/1226/3957 
f 875/1331/3958 835/1216/3959 836/1217/3960 
f 834/1214/3961 874/1328/3962 833/1212/3963 
f 952/1460/3964 954/1462/3965 951/1459/3966 
f 924/1430/3967 923/1429/3968 921/1427/3969 
f 937/1445/3970 938/1446/3971 939/1447/3972 
f 931/1438/3973 932/1439/3974 933/1441/3975 
f 935/1443/3976 936/1444/3977 937/1445/3978 
f 933/1441/3979 934/1442/3980 935/1443/3981 
f 928/1434/3982 930/1436/3983 927/1433/3984 
f 958/1466/3985 960/1468/3986 957/1465/3987 
f 941/1449/3988 942/1450/3989 943/1451/3990 
f 930/1436/3991 932/1440/3992 929/1435/3993 
f 943/1451/3994 944/1452/3995 945/1453/3996 
f 939/1447/3997 940/1448/3998 941/1449/3999 
f 950/1458/4000 952/1460/4001 951/1459/4002 
f 923/1429/4003 926/1432/4004 922/1428/4005 
f 954/1462/4006 956/1464/4007 953/1461/4008 
f 945/1453/4009 946/1454/4010 947/1455/4011 
f 926/1432/4012 928/1434/4013 925/1431/4014 
f 956/1464/4015 958/1466/4016 955/1463/4017 
f 1036/1586/4018 1038/1588/4019 1035/1585/4020 
f 1011/1560/4021 1012/1562/4022 1013/1563/4023 
f 1025/1575/4024 1026/1576/4025 1027/1577/4026 
f 1015/1565/4027 1016/1566/4028 1017/1567/4029 
f 1013/1563/4030 1014/1564/4031 1015/1565/4032 
f 1032/1582/4033 1034/1584/4034 1031/1581/4035 
f 1010/1558/4036 1012/1561/4037 1009/1557/4038 
f 813/1172/4039 812/1169/4040 782/1128/4041 
f 1019/1569/4042 1020/1570/4043 1021/1571/4044 
f 1003/1551/4045 1006/1554/4046 1002/1550/4047 
f 1027/1577/4048 1028/1578/4049 1029/1579/4050 
f 1021/1571/4051 1022/1572/4052 1023/1573/4053 
f 1003/1551/4054 1002/1550/4055 1001/1549/4056 
f 1030/1580/4057 1032/1582/4058 1031/1581/4059 
f 923/1429/4060 922/1428/4061 921/1427/4062 
f 1007/1555/4063 1008/1556/4064 1010/1558/4065 
f 1023/1573/4066 1024/1574/4067 1025/1575/4068 
s 0
f 974/1496/4069 1014/1564/4070 1012/1562/4071 
s 1
f 762/1106/4072 761/1105/4073 799/1145/4074 
f 781/1127/4075 782/1128/4076 783/1129/4077 
f 780/1126/4078 782/1128/4079 779/1125/4080 
f 777/1123/4081 778/1124/4082 779/1125/4083 
f 776/1122/4084 778/1124/4085 775/1121/4086 
f 773/1119/4087 774/1120/4088 775/1121/4089 
f 772/1117/4090 774/1120/4091 771/1115/4092 
f 769/1113/4093 770/1114/4094 771/1116/4095 
f 768/1112/4096 770/1114/4097 767/1111/4098 
f 765/1109/4099 766/1110/4100 767/1111/4101 
f 765/1109/4102 763/1107/4103 766/1110/4104 
f 761/1105/4105 762/1106/4106 763/1107/4107 
f 800/1146/4108 762/1106/4109 799/1145/4110 
f 797/1143/4111 798/1144/4112 799/1145/4113 
f 796/1142/4114 798/1144/4115 795/1141/4116 
f 793/1139/4117 794/1140/4118 795/1141/4119 
f 792/1138/4120 794/1140/4121 791/1137/4122 
f 752/1088/4123 740/1067/4124 739/1066/4125 
f 859/1283/4126 860/1286/4127 1042/1592/4128 
f 848/1250/4129 849/1253/4130 1042/1592/4131 
f 857/1277/4132 858/1280/4133 1042/1592/4134 
f 845/1241/4135 846/1244/4136 1042/1592/4137 
f 850/1256/4138 810/1166/4139 811/1168/4140 
f 782/1128/4141 812/1170/4142 784/1130/4143 
f 774/1120/4144 816/1178/4145 776/1122/4146 
f 770/1114/4147 818/1182/4148 772/1118/4149 
f 766/1110/4150 820/1186/4151 768/1112/4152 
f 822/1190/4153 763/1107/4154 765/1109/4155 
s 0
f 967/1482/4156 1007/1555/4157 1009/1557/4158 
s 1
f 938/1446/4159 940/1448/4160 939/1447/4161 
f 745/1074/4162 747/1079/4163 748/1080/4164 
f 724/1038/4165 714/1023/4166 713/1022/4167 
f 1004/1552/4168 1003/1551/4169 1001/1549/4170 
f 1038/1588/4171 1040/1590/4172 1037/1587/4173 
f 1036/1586/4174 1035/1585/4175 1033/1583/4176 
f 837/1220/4177 836/1218/4178 791/1137/4179 
f 877/1337/4180 876/1334/4181 836/1218/4182 
f 868/1310/4183 867/1307/4184 828/1202/4185 
f 1020/1570/4186 1019/1569/4187 1017/1567/4188 